TANGGAL,TAVG,RH_AVG,RR
1/1/2021,21.8,93,19.8
2/1/2021,21.4,96,12.5
3/1/2021,21.4,95,22.1
4/1/2021,20.8,98,8.5
5/1/2021,20.7,98,15
6/1/2021,21.5,93,55.5
7/1/2021,21.5,96,26.5
8/1/2021,21.5,96,32.5
9/1/2021,21.8,95,47.1
10/1/2021,22.3,93,0.9
11/1/2021,22.4,93,8888
12/1/2021,22,95,10.1
13-01-2021,22.1,94,25.4
14-01-2021,22.2,90,3.8
15-01-2021,21.8,93,
16-01-2021,21,93,0.8
17-01-2021,20.2,98,16.9
18-01-2021,20.9,95,41.5
19-01-2021,21.3,96,49.7
20-01-2021,21.8,92,13.4
21-01-2021,21.4,93,7
22-01-2021,20.5,96,8888
23-01-2021,20.6,96,9
24-01-2021,21.1,94,9.7
25-01-2021,20,98,41.6
26-01-2021,20,96,72.5
27-01-2021,21.6,94,124.9
28-01-2021,20.9,94,26.4
29-01-2021,21.2,93,47.4
30-01-2021,20.9,90,
31-01-2021,21.2,94,7.5
1/2/2021,22.3,94,40.8
2/2/2021,23.1,86,8
3/2/2021,21.7,93,15.3
4/2/2021,21.4,91,68.8
5/2/2021,22.2,90,0.9
6/2/2021,21.8,88,39.5
7/2/2021,21.9,88,2.5
8/2/2021,22.6,81,16.1
9/2/2021,22.6,91,19.9
10/2/2021,21.4,97,10.8
11/2/2021,21.8,95,31.5
12/2/2021,21.8,95,20.1
13-02-2021,21.4,95,41.1
14-02-2021,20.9,94,3.7
15-02-2021,21.5,96,50
16-02-2021,21.5,96,18.5
17-02-2021,21.4,94,43.9
18-02-2021,20.7,92,81.6
19-02-2021,22.3,91,8.2
20-02-2021,21.5,94,
21-02-2021,21.5,95,13.7
22-02-2021,21.8,94,38.1
23-02-2021,20.7,96,8888
24-02-2021,21.6,92,41.4
25-02-2021,21.6,95,22.3
26-02-2021,22.1,91,24.4
27-02-2021,21.2,92,2.8
28-02-2021,21.5,90,18
1/3/2021,21.6,93,
2/3/2021,21.1,94,0.6
3/3/2021,21.9,90,25.5
4/3/2021,20.6,96,1.5
5/3/2021,20.5,96,51
6/3/2021,20.5,96,28.9
7/3/2021,21.3,94,0.4
8/3/2021,21.1,94,7
9/3/2021,21.5,93,1
10/3/2021,21.6,93,44.2
11/3/2021,21.3,93,8888
12/3/2021,21.4,90,127.4
13-03-2021,20.5,95,2
14-03-2021,19.6,96,12.5
15-03-2021,21.6,93,47.4
16-03-2021,21.8,92,7.3
17-03-2021,21.4,92,1.5
18-03-2021,20.4,96,8888
19-03-2021,21.6,92,35.4
20-03-2021,21.4,96,5.8
21-03-2021,21.1,96,31.5
22-03-2021,22,94,12.2
23-03-2021,21.6,96,8888
24-03-2021,22.2,94,147.9
25-03-2021,21.6,96,11.4
26-03-2021,21.8,96,16.7
27-03-2021,21.8,94,37.1
28-03-2021,21.7,95,29.3
29-03-2021,22.7,88,8888
30-03-2021,21.7,95,0
31-03-2021,21.1,96,
1/4/2021,22.9,87,
2/4/2021,22,94,39.7
3/4/2021,23.3,85,3.1
4/4/2021,21.6,94,0.9
5/4/2021,22.2,92,
6/4/2021,22.1,95,
7/4/2021,21.9,94,2
8/4/2021,21.8,93,1.5
9/4/2021,22,92,83.8
10/4/2021,21.8,92,4.5
11/4/2021,22.1,91,31.7
12/4/2021,21.9,91,8888
13-04-2021,21.5,92,33.5
14-04-2021,21.7,92,0.7
15-04-2021,21.5,88,13.2
16-04-2021,23.1,83,0
17-04-2021,21.3,90,0
18-04-2021,22.8,84,0
19-04-2021,21.9,86,2.4
20-04-2021,20.9,85,0
21-04-2021,21,87,
22-04-2021,21.4,83,0
23-04-2021,21,88,0
24-04-2021,21,90,
25-04-2021,22.1,89,8888
26-04-2021,21.8,86,
27-04-2021,21.9,91,2
28-04-2021,21.4,92,8888
29-04-2021,21.9,94,3.3
30-04-2021,23.1,87,
1/5/2021,22.1,87,
2/5/2021,22.6,87,0
3/5/2021,21.9,88,8
4/5/2021,22.5,88,0
5/5/2021,21.5,94,23.1
6/5/2021,22.2,90,0.2
7/5/2021,22.4,92,0
8/5/2021,20.7,92,20.5
9/5/2021,20.4,86,
10/5/2021,22.4,85,0
11/5/2021,23.1,86,
12/5/2021,22.5,89,0
13-05-2021,22.1,86,0
14-05-2021,22.1,86,0
15-05-2021,22.1,87,0
16-05-2021,22.1,87,
17-05-2021,20.7,86,0
18-05-2021,22.3,91,0
19-05-2021,21.7,91,8888
20-05-2021,22.3,90,40.4
21-05-2021,22.6,88,8.5
22-05-2021,21.6,,25
23-05-2021,21,95,1
24-05-2021,21.5,92,13.6
25-05-2021,21.5,91,
26-05-2021,22.2,86,
27-05-2021,22.6,84,0
28-05-2021,23.6,85,0
29-05-2021,21.9,91,7.6
30-05-2021,22.3,92,
31-05-2021,21.2,92,6.8
1/6/2021,21.8,93,51
2/6/2021,21.8,92,20
3/6/2021,21.3,90,0
4/6/2021,23.4,86,0
5/6/2021,23.4,80,9
6/6/2021,22.1,92,5
7/6/2021,21.7,88,1
8/6/2021,21.8,89,8888
9/6/2021,22.4,85,
10/6/2021,23.3,90,0.2
11/6/2021,22.9,90,26
12/6/2021,21.4,94,23
13-06-2021,21,89,19.7
14-06-2021,22.2,87,
15-06-2021,22.4,88,
16-06-2021,21.1,92,7.1
17-06-2021,21.8,90,8.5
18-06-2021,20.9,92,8888
19-06-2021,22.1,90,1.7
20-06-2021,21.5,90,0.5
21-06-2021,20.8,91,8888
22-06-2021,21.5,90,36.3
23-06-2021,22,90,
24-06-2021,21.7,94,2.2
25-06-2021,21.7,92,45.8
26-06-2021,21.6,91,0.5
27-06-2021,22.5,90,6.5
28-06-2021,20.9,96,21
29-06-2021,22.1,88,
30-06-2021,22.4,86,
1/7/2021,22.4,82,
2/7/2021,19.9,82,0
3/7/2021,20.8,86,0
4/7/2021,20.5,86,
5/7/2021,20.9,86,
6/7/2021,18.6,85,0
7/7/2021,20.9,80,0
8/7/2021,22.2,85,0
9/7/2021,21.8,92,9.9
10/7/2021,21.7,93,80.2
10/7/2021,21.7,93,80.2
11/7/2021,21.7,76,26.7
12/7/2021,21.2,76,0
13-07-2021,19.9,84,
14-07-2021,19.9,82,0
15-07-2021,19.8,83,
16-07-2021,19.2,80,0
17-07-2021,21.4,84,0
18-07-2021,,,0
26-07-2021,19.6,68,
27-07-2021,20.9,62,
28-07-2021,19.9,72,
29-07-2021,23,72,
30-07-2021,21.8,85,0
31-07-2021,22.4,75,3
1/8/2021,21.9,86,0
2/8/2021,21.1,86,
3/8/2021,22.3,88,8888
4/8/2021,23.8,77,
5/8/2021,22.8,83,0
6/8/2021,22.9,80,0
7/8/2021,21.7,83,
7/8/2021,21.7,83,
8/8/2021,22.4,87,
9/8/2021,22.2,91,78.5
10/8/2021,21.6,90,20
11/8/2021,21,79,1
12/8/2021,22.6,80,
13-08-2021,23.4,81,0.5
14-08-2021,22.6,84,0
15-08-2021,23.8,76,0
16-08-2021,22.2,87,8888
17-08-2021,21.8,82,0
18-08-2021,21.2,88,
19-08-2021,21.3,86,
20-08-2021,21.1,88,
21-08-2021,23.2,79,0
22-08-2021,21.3,86,0
23-08-2021,21,83,0
24-08-2021,20.8,81,
25-08-2021,21.7,80,
26-08-2021,21.4,78,0
27-08-2021,22.1,80,0
28-08-2021,21,88,0
29-08-2021,23.2,78,
30-08-2021,22.3,84,
31-08-2021,22.8,80,0
1/9/2021,22.8,74,0
2/9/2021,21.6,76,0
3/9/2021,21.9,77,
4/9/2021,22.2,79,0
5/9/2021,22.6,82,0
6/9/2021,22.5,82,0
7/9/2021,22.2,84,
8/9/2021,22.4,84,0.7
9/9/2021,21.8,84,
10/9/2021,24.3,76,
11/9/2021,21.9,89,0
12/9/2021,22.4,87,11.5
13-09-2021,21,94,4
14-09-2021,21.8,92,
15-09-2021,22.4,87,16.7
16-09-2021,21.6,84,0
17-09-2021,24.4,71,
18-09-2021,23.7,78,
18-09-2021,23.7,78,
19-09-2021,22.7,78,
20-09-2021,22.1,83,0
21-09-2021,22.3,80,0
22-09-2021,23.2,74,0
23-09-2021,22.4,87,11.5
24-09-2021,22.1,85,
25-09-2021,23.6,81,0
26-09-2021,22.2,90,8888
27-09-2021,22,87,0
28-09-2021,22.7,80,
29-09-2021,22.5,85,0
30-09-2021,22,88,0
1/10/2021,22.7,,0
2/10/2021,21.9,86,1.5
3/10/2021,22.5,83,
4/10/2021,21.4,93,
5/10/2021,21.8,94,75.1
6/10/2021,21.2,91,8888
7/10/2021,21.9,87,8888
8/10/2021,21.5,83,
9/10/2021,22.5,82,0
10/10/2021,23.7,74,0
11/10/2021,22.1,84,0
12/10/2021,22,78,
13-10-2021,22.1,80,
14-10-2021,22.4,81,0
15-10-2021,23.1,84,0
16-10-2021,23,88,0
17-10-2021,23.1,86,0
18-10-2021,23.3,85,
19-10-2021,22.8,87,8888
20-10-2021,23.1,87,18.8
21-10-2021,23.1,86,0
22-10-2021,23,85,0
23-10-2021,23.5,80,
24-10-2021,23,86,0
25-10-2021,23.7,83,0
26-10-2021,24.3,79,0
27-10-2021,23.5,82,0
28-10-2021,23.7,80,
29-10-2021,23.3,85,0
30-10-2021,22.3,91,0
31-10-2021,22.8,90,87
1/11/2021,22.3,92,11.3
2/11/2021,21.4,96,
3/11/2021,22.7,90,11
4/11/2021,21.8,90,0
5/11/2021,22.2,91,98.7
6/11/2021,22.4,89,15.6
7/11/2021,22.8,88,
8/11/2021,23,90,0
9/11/2021,22.1,94,
10/11/2021,22.2,94,31.7
11/11/2021,21.5,94,
12/11/2021,21.7,94,1.8
13-11-2021,21.9,90,
14-11-2021,21.3,96,
15-11-2021,21.5,97,43.7
16-11-2021,20.7,94,2.7
17-11-2021,21.6,94,20.6
18-11-2021,22.7,89,
19-11-2021,22.5,89,5
20-11-2021,21.1,94,5
21-11-2021,20.3,96,29.5
22-11-2021,22.4,91,27.7
23-11-2021,22.6,92,
24-11-2021,21.1,94,7.4
25-11-2021,20.9,96,52
26-11-2021,22,94,23.6
27-11-2021,21.2,95,
28-11-2021,21.4,94,7.5
29-11-2021,20.4,96,48
30-11-2021,21.3,96,
1/12/2021,21.5,96,
2/12/2021,23.2,94,
3/12/2021,22.8,95,6.5
4/12/2021,22,96,8888
5/12/2021,22.2,93,24
6/12/2021,22,92,6
7/12/2021,23,90,9.5
8/12/2021,23.4,91,8.5
9/12/2021,23.4,92,16.2
10/12/2021,22.6,91,
11/12/2021,23.1,92,40
12/12/2021,22.8,91,0.1
13-12-2021,23,92,24.4
14-12-2021,21.9,93,2
15-12-2021,21.9,94,56.3
16-12-2021,23.2,90,16.5
17-12-2021,23.8,87,
18-12-2021,24.2,89,0
19-12-2021,24.3,87,0
20-12-2021,23.4,88,8
21-12-2021,21.4,93,7
22-12-2021,24.1,84,2.9
23-12-2021,21.8,91,0
24-12-2021,21.7,90,39.7
25-12-2021,21.7,95,30
26-12-2021,22.3,93,13
27-12-2021,22.7,89,41.8
28-12-2021,22.8,90,2
29-12-2021,22,91,1.2
30-12-2021,22.7,91,10.5
31-12-2021,21.1,95,
1/1/2022,20.7,96,
2/1/2022,20.6,96,65.3
3/1/2022,21.7,92,11.5
4/1/2022,20.3,98,26
5/1/2022,,96,5
6/1/2022,20.5,94,6
7/1/2022,21,95,0
8/1/2022,20.1,94,98.9
9/1/2022,19.9,96,8
10/1/2022,20.8,97,55
11/1/2022,20.2,97,31.8
12/1/2022,21.6,94,73.7
13-01-2022,22.5,90,1.5
14-01-2022,21.6,91,0
15-01-2022,20.5,96,22.5
16-01-2022,21,94,28.6
17-01-2022,20.8,93,14.5
18-01-2022,20.3,97,26.2
19-01-2022,21.1,93,14
20-01-2022,20.6,96,56
21-01-2022,20.8,94,57
22-01-2022,21,95,2
23-01-2022,22.3,92,10
24-01-2022,22.1,91,8888
25-01-2022,22.4,86,
26-01-2022,23.6,90,0.5
27-01-2022,22.1,94,2
28-01-2022,21.5,95,45
29-01-2022,21.9,94,12
30-01-2022,21.4,96,6
31-01-2022,21.4,92,4.1
1/2/2022,21.4,94,0
2/2/2022,21.3,92,11.5
3/2/2022,22,91,4
4/2/2022,21.4,96,1.5
5/2/2022,21.3,93,4.4
6/2/2022,21.3,96,15.7
7/2/2022,20.6,93,23
8/2/2022,22.1,87,12
9/2/2022,20.9,98,6.5
10/2/2022,21.7,90,53.7
11/2/2022,21.3,96,2.9
12/2/2022,21.5,91,14.2
13-02-2022,21.7,91,20
18-02-2022,21,95,20
19-02-2022,21.7,90,11.5
20-02-2022,21.7,94,8.2
21-02-2022,21.9,93,8888
22-02-2022,22,89,1
23-02-2022,21.3,89,3
24-02-2022,20.7,92,0
25-02-2022,21.4,93,15.1
26-02-2022,20.4,95,6.2
27-02-2022,21.9,88,21
28-02-2022,21.3,94,11
1/3/2022,22.2,91,13
2/3/2022,21.9,89,11
3/3/2022,22.6,92,19.2
4/3/2022,21.8,94,9
5/3/2022,22.2,92,25.7
6/3/2022,22,90,0.5
7/3/2022,21.9,88,0.4
8/3/2022,21.6,94,0
9/3/2022,21.8,93,55.2
10/3/2022,22.1,94,33.5
11/3/2022,21.7,91,8.5
12/3/2022,22,92,
13-03-2022,21.6,94,7.1
14-03-2022,22.9,92,40.6
15-03-2022,23.5,90,7.6
16-03-2022,22.7,93,8888
17-03-2022,23.2,84,8888
18-03-2022,22.7,89,0
19-03-2022,22,93,33.9
20-03-2022,20.7,98,1.5
21-03-2022,21.9,92,89
22-03-2022,21.1,94,14.2
23-03-2022,21.9,92,3
24-03-2022,22.4,88,16.6
25-03-2022,22.7,90,8888
26-03-2022,21.6,96,5.6
27-03-2022,20.9,95,4.9
28-03-2022,22.2,91,22.5
29-03-2022,22.3,88,19.5
30-03-2022,21.8,92,5
31-03-2022,,98,18
1/4/2022,20.3,96,
2/4/2022,20.5,95,12.9
3/4/2022,21.1,94,1.5
4/4/2022,20.3,95,54.5
5/4/2022,21.9,90,52.5
6/4/2022,21.4,91,
7/4/2022,22.2,91,0.5
8/4/2022,21.5,93,1
9/4/2022,21.4,94,15.2
10/4/2022,22.5,90,5.5
11/4/2022,22,88,
12/4/2022,21.3,88,0
13-04-2022,22.1,87,8888
14-04-2022,22.3,78,0
15-04-2022,21.9,79,0
16-04-2022,20.7,90,
17-04-2022,21.9,93,40
18-04-2022,22.4,92,21
19-04-2022,20.6,98,3.5
20-04-2022,21.5,95,89.4
21-04-2022,21.2,93,8888
22-04-2022,21.6,90,3.5
23-04-2022,21.7,93,0
24-04-2022,23.6,86,0.5
25-04-2022,21.9,96,0
26-04-2022,21.3,92,55.9
27-04-2022,22.5,90,1
28-04-2022,22.6,88,8888
29-04-2022,21.6,96,5.5
30-04-2022,22.6,88,25.5
1/5/2022,22.9,90,28.6
2/5/2022,22.8,83,8888
3/5/2022,,,
4/5/2022,22.6,88,23
5/5/2022,23,88,0
6/5/2022,23.5,89,
7/5/2022,23.5,88,0
8/5/2022,22.4,95,0
9/5/2022,22.5,94,5
10/5/2022,23.2,92,12
11/5/2022,22.6,91,31.4
12/5/2022,22.3,94,23.5
13-05-2022,22.6,95,19
14-05-2022,22.3,96,34
15-05-2022,22.1,96,51
16-05-2022,22.8,89,3
17-05-2022,21.4,92,0
18-05-2022,22.6,94,0
19-05-2022,22.4,94,1.5
20-05-2022,21.6,94,25
21-05-2022,22.1,92,42
22-05-2022,22.2,88,0
23-05-2022,,84,19
24-05-2022,22.6,89,0
25-05-2022,22.6,94,32.5
26-05-2022,20.6,94,0.5
27-05-2022,20.8,92,5.7
28-05-2022,22.4,89,8888
29-05-2022,22.7,88,1.5
30-05-2022,23.1,86,0
31-05-2022,22,94,
1/6/2022,21.6,94,25
2/6/2022,21.7,96,6.6
3/6/2022,21.4,94,7.5
4/6/2022,22.4,88,45
5/6/2022,21.4,92,
6/6/2022,22.6,90,16.5
7/6/2022,23.1,86,0
8/6/2022,22.2,88,2.8
9/6/2022,21.4,89,0.5
10/6/2022,21.9,90,0
11/6/2022,22.7,90,0
12/6/2022,22.2,90,12.5
13-06-2022,21.5,94,
14-06-2022,22.1,92,
15-06-2022,21.8,88,0.8
16-06-2022,22.1,92,0
17-06-2022,21.2,92,7.5
18-06-2022,22.9,88,15.8
19-06-2022,22.5,90,0
20-06-2022,21.4,90,
21-06-2022,21.9,90,0
22-06-2022,21.9,80,0
23-06-2022,22.5,85,
24-06-2022,22.3,89,
25-06-2022,22.4,84,
26-06-2022,22.1,89,0
27-06-2022,21.5,92,15
28-06-2022,,,0
29-06-2022,21,85,0
30-06-2022,21.8,85,0
1/7/2022,20.4,87,0
2/7/2022,21.6,90,
3/7/2022,22.8,91,16.5
4/7/2022,21.8,92,0
5/7/2022,21.6,94,1.5
6/7/2022,21.3,94,6.5
7/7/2022,20.1,92,1
8/7/2022,20.3,89,0
9/7/2022,19,88,
10/7/2022,20.2,86,
11/7/2022,21.4,90,0
12/7/2022,22.9,86,0
13-07-2022,21.9,88,0
14-07-2022,21.5,90,2.2
15-07-2022,21.7,88,0.3
16-07-2022,21.9,90,8888
17-07-2022,21.4,88,0
18-07-2022,22.4,87,0
19-07-2022,22.3,77,0
20-07-2022,21.1,,8888
21-07-2022,22,,0
22-07-2022,21.7,,0
23-07-2022,21.6,,0
24-07-2022,20.1,,
25-07-2022,18.7,,
26-07-2022,,,0
27-07-2022,21.6,,0
28-07-2022,21.7,,0
29-07-2022,20.9,,8888
30-07-2022,20.7,,
31-07-2022,19.3,,0
1/8/2022,20.1,,0
2/8/2022,21.4,,
3/8/2022,,,
4/8/2022,21.6,,
5/8/2022,19.7,,
6/8/2022,21.5,,
7/8/2022,21.4,,0
8/8/2022,20.7,,
9/8/2022,22.4,,
10/8/2022,22,,0
11/8/2022,21.1,,0
12/8/2022,21.9,,0
13-08-2022,,,0.5
14-08-2022,21.1,,65.5
15-08-2022,22.5,,11
16-08-2022,21.2,,4
17-08-2022,21.3,,11.5
18-08-2022,21.8,,0
19-08-2022,21.8,,
20-08-2022,21.9,,0
21-08-2022,21.3,,0
22-08-2022,21.4,,0
23-08-2022,22,,
24-08-2022,19.9,,0
25-08-2022,22,,0
26-08-2022,,,
27-08-2022,22.2,,0
28-08-2022,21.4,,0
29-08-2022,21.7,,
30-08-2022,22.7,,0
31-08-2022,22.7,82,0
2/9/2022,22.3,,0
3/9/2022,22.8,,
4/9/2022,22.2,83,0.5
5/9/2022,21.8,,0
6/9/2022,21.4,,0
7/9/2022,22.3,,
8/9/2022,22.2,,
9/9/2022,21.4,85,0
10/9/2022,22.9,,33
11/9/2022,22.4,,0.5
12/9/2022,20.6,81,
13-09-2022,22.4,78,0
14-09-2022,21.9,81,0
15-09-2022,21.5,,
16-09-2022,22.6,,
17-09-2022,21.3,,
18-09-2022,22.4,,
19-09-2022,22.1,,0
20-09-2022,21.1,,0
21-09-2022,22.6,,0
22-09-2022,22.9,,0
23-09-2022,24.9,,0
24-09-2022,23.2,,0
25-09-2022,,,0
26-09-2022,23.8,,
27-09-2022,21.5,,
28-09-2022,22.6,,
29-09-2022,23.1,76,0
30-09-2022,22.3,,2
1/10/2022,21.1,,4
2/10/2022,22,,11.4
3/10/2022,22.1,90,7.5
4/10/2022,21.7,,64.5
5/10/2022,22.1,,7.5
6/10/2022,22.1,,8888
7/10/2022,22.1,,26
8/10/2022,23,,15.8
9/10/2022,23.8,,0
10/10/2022,23.6,,6
11/10/2022,21,,8888
12/10/2022,21.8,,28.5
13-10-2022,21.6,,12.8
15-10-2022,22.1,,20.9
16-10-2022,22,94,35
17-10-2022,22.1,,
18-10-2022,20.8,,2
19-10-2022,21.7,92,4.9
20-10-2022,,,2
21-10-2022,21.7,,30.6
22-10-2022,21.6,,
23-10-2022,21.8,,
24-10-2022,21.7,94,1.6
25-10-2022,22.2,92,
26-10-2022,21.2,,1.5
27-10-2022,21,,24.9
28-10-2022,20.9,90,0
29-10-2022,,,0
30-10-2022,21.9,,0
31-10-2022,21.5,,
1/11/2022,21.4,,
2/11/2022,22.5,,5
3/11/2022,23.2,,8888
4/11/2022,23,,
5/11/2022,23.1,,
6/11/2022,22.2,,
7/11/2022,21.7,,
8/11/2022,22.6,,2.7
9/11/2022,21.5,,60.8
10/11/2022,21.4,,
11/11/2022,21.3,,
12/11/2022,22.3,,63.3
13-11-2022,22.3,,0.5
14-11-2022,21.8,,0
15-11-2022,22.3,,19.5
16-11-2022,20.7,,
17-11-2022,22.3,,26.2
18-11-2022,21.7,,18.5
20-11-2022,22.6,,
21-11-2022,21.6,,
22-11-2022,22.3,,0.2
23-11-2022,,,0
24-11-2022,21.4,,4.7
25-11-2022,,,23
26-11-2022,,,19.9
27-11-2022,21.3,95,23.5
28-11-2022,21.1,,56.5
29-11-2022,,,13.5
30-11-2022,21,95,58
1/12/2022,20.6,,10.6
2/12/2022,21.1,,35.4
3/12/2022,21.9,,0
4/12/2022,,,69.5
5/12/2022,21.4,,
6/12/2022,22.1,,13
7/12/2022,22.9,,1.7
8/12/2022,22.1,86,0
9/12/2022,22,88,0
10/12/2022,21.4,,5
11/12/2022,22.6,,24.5
12/12/2022,22.2,,
13-12-2022,22.9,,0
14-12-2022,21.9,90,8888
15-12-2022,21.7,,51.8
16-12-2022,20.7,,1.5
17-12-2022,21.4,,
18-12-2022,21.4,,8888
19-12-2022,21.2,90,8888
20-12-2022,21.6,,31
21-12-2022,22.3,,1.5
22-12-2022,21.7,94,25.8
23-12-2022,21.7,,17.5
24-12-2022,20.4,94,24
25-12-2022,20.8,,2.5
26-12-2022,20.8,,12.6
27-12-2022,20.9,,
28-12-2022,21.5,91,8888
29-12-2022,21.6,90,10
30-12-2022,21.1,94,2
31-12-2022,21.3,,7.8
1/1/2023,22.4,86,25.2
2/1/2023,22.7,88,14.5
3/1/2023,,,1
4/1/2023,24,79,
5/1/2023,,,
6/1/2023,22.3,87,1.8
7/1/2023,,,6
8/1/2023,,,
9/1/2023,22.8,88,
10/1/2023,,,1
11/1/2023,23.5,82,
12/1/2023,21.9,90,0
13-01-2023,,,23
14-01-2023,22.9,88,4.5
15-01-2023,,,
16-01-2023,22.3,92,
17-01-2023,21,95,4.6
18-01-2023,,,39.4
19-01-2023,22.4,90,3
20-01-2023,,,
21-01-2023,22,93,29.3
22-01-2023,22.4,93,14.5
23-01-2023,20.2,98,14.5
24-01-2023,22.9,94,2.5
25-01-2023,,,12
26-01-2023,22,94,13.4
27-01-2023,,,34.2
28-01-2023,21.4,94,50.5
29-01-2023,21.3,95,40
30-01-2023,,,
31-01-2023,23.3,93,
1/2/2023,21.7,94,9
2/2/2023,,,50.1
3/2/2023,23.3,87,31
4/2/2023,,,
5/2/2023,21.8,90,
6/2/2023,23.1,86,0.1
7/2/2023,20.4,96,8888
8/2/2023,22.8,89,61.5
9/2/2023,,,3.7
10/2/2023,23.3,86,33
11/2/2023,22.4,90,12
12/2/2023,22.5,91,16.3
13-02-2023,22.1,92,14.7
14-02-2023,21.4,93,20.3
15-02-2023,,,36
16-02-2023,21.5,94,3.9
17-02-2023,21.9,93,48
18-02-2023,22.6,90,18.2
19-02-2023,22.3,92,91.5
20-02-2023,19.4,96,60
21-02-2023,22.1,92,19.9
22-02-2023,,,64
23-02-2023,23.5,86,49
24-02-2023,,,1.6
25-02-2023,,,1.8
26-02-2023,,,22.5
27-02-2023,21.4,89,11.2
28-02-2023,23.1,88,13.5
1/3/2023,,,15.7
2/3/2023,20.9,96,9
3/3/2023,22.9,88,30.5
4/3/2023,,,0
5/3/2023,,,
6/3/2023,22.8,88,1
7/3/2023,22.4,90,0
8/3/2023,21.7,92,0
9/3/2023,,,25
10/3/2023,23.2,88,
11/3/2023,,,
12/3/2023,22.9,88,18
13-03-2023,22,90,1.4
14-03-2023,,,19.4
15-03-2023,22.9,83,19.4
16-03-2023,,,
17-03-2023,23.8,86,
18-03-2023,23.1,88,1
19-03-2023,,,8888
20-03-2023,22.7,94,0
21-03-2023,,,
22-03-2023,23.5,86,
23-03-2023,22.6,92,10
24-03-2023,21,96,46
25-03-2023,20.7,96,7
26-03-2023,21.2,90,12.5
27-03-2023,22.2,89,1.6
28-03-2023,23.2,86,27.5
29-03-2023,21.3,94,7.5
30-03-2023,22.2,94,8888
31-03-2023,,,
1/4/2023,,,74.2
2/4/2023,21.6,94,35
3/4/2023,,,
4/4/2023,21.7,93,60.5
5/4/2023,,,73.5
6/4/2023,,,
7/4/2023,,,11
8/4/2023,,,6.5
9/4/2023,23.2,86,30
10/4/2023,,,52
11/4/2023,,,0.5
12/4/2023,,,12.4
13-04-2023,,,56.9
14-04-2023,23.6,86,
15-04-2023,,,6.6
16-04-2023,,,0.3
17-04-2023,,,
18-04-2023,,,36
19-04-2023,24.2,86,
20-04-2023,,,
21-04-2023,,,87.6
22-04-2023,22.3,93,5.5
23-04-2023,,,71
24-04-2023,24.2,89,2
25-04-2023,,,94
26-04-2023,,,
27-04-2023,24.9,81,1
28-04-2023,22.5,92,0
29-04-2023,22.4,92,38
30-04-2023,,,
1/5/2023,24.3,85,11.4
2/5/2023,22.9,92,0.8
3/5/2023,22.4,93,
4/5/2023,22.2,95,63.5
5/5/2023,,,1
6/5/2023,22.5,94,
7/5/2023,,,14.5
8/5/2023,22.1,87,21
9/5/2023,,,
10/5/2023,23.3,87,
11/5/2023,22.8,91,2
12/5/2023,,,4.5
13-05-2023,,,0
14-05-2023,22.6,86,
15-05-2023,,,
16-05-2023,22.5,85,
17-05-2023,23.1,80,0
18-05-2023,18,94,0
19-05-2023,,77,0
20-05-2023,24.2,76,
21-05-2023,19.8,95,0
22-05-2023,,,
23-05-2023,22.8,79,0
24-05-2023,23.9,77,8888
25-05-2023,,,
26-05-2023,24.1,69,
27-05-2023,,,0
28-05-2023,,,0
29-05-2023,22.9,81,
30-05-2023,,,
31-05-2023,23.7,75,
1/6/2023,21.5,87,0
2/6/2023,24.7,78,0
3/6/2023,24.5,82,
4/6/2023,21.1,88,0
5/6/2023,22.6,86,
6/6/2023,23,84,7
7/6/2023,24.5,81,
8/6/2023,23.8,82,8888
9/6/2023,20.3,85,8888
10/6/2023,23.9,71,
11/6/2023,24.2,79,0
12/6/2023,23.6,87,
13-06-2023,23.6,84,6.4
14-06-2023,21.3,87,
15-06-2023,22.5,78,
16-06-2023,22,83,
17-06-2023,21.3,87,
18-06-2023,21.6,82,
19-06-2023,18.4,96,
20-06-2023,22.4,92,
21-06-2023,23.2,83,2
22-06-2023,21.9,87,
23-06-2023,22.5,77,
24-06-2023,18.6,91,
25-06-2023,22.6,85,
26-06-2023,22.2,86,1
27-06-2023,22.7,85,
28-06-2023,21.1,92,
29-06-2023,22.7,,0.9
30-06-2023,21.5,,
1/7/2023,22.2,90,2
2/7/2023,22.4,86,0
3/7/2023,21.9,92,11.5
4/7/2023,21.4,,
5/7/2023,22.3,,
6/7/2023,21.5,88,0.2
7/7/2023,22.7,90,0
8/7/2023,21.5,90,
9/7/2023,,,0.3
10/7/2023,21.6,,
11/7/2023,21.5,89,0
12/7/2023,19.5,,
13-07-2023,21.9,,
14-07-2023,22,86,
15-07-2023,21.2,84,
16-07-2023,20.5,83,0
17-07-2023,20.1,83,
18-07-2023,21.6,70,
19-07-2023,21,,
20-07-2023,,,
21-07-2023,20.3,85,
22-07-2023,20,84,0
23-07-2023,20.8,85,0
24-07-2023,21.2,,0
25-07-2023,21.8,,0
26-07-2023,21.3,82,0
27-07-2023,23.2,64,0
28-07-2023,20.9,78,0
29-07-2023,20.6,,0
30-07-2023,21.6,76,0
31-07-2023,21.6,78,0
1/8/2023,23.1,73,0
2/8/2023,21.2,,0
3/8/2023,21.8,,0
4/8/2023,22.6,80,0
5/8/2023,22.3,78,0
6/8/2023,23.8,,0
7/8/2023,21.6,,0
8/8/2023,19.5,,0
9/8/2023,20.8,,
10/8/2023,21.1,79,0
11/8/2023,20,,
12/8/2023,,,
13-08-2023,20.7,,
14-08-2023,21.1,,
15-08-2023,21.5,77,0
16-08-2023,20.3,,
17-08-2023,18.8,,
18-08-2023,21.6,,
19-08-2023,21.6,,
20-08-2023,,,8888
21-08-2023,22.9,78,
22-08-2023,21.9,78,
23-08-2023,21,,
24-08-2023,22.5,,
25-08-2023,23.8,74,0
26-08-2023,23.5,,
27-08-2023,21.2,,
28-08-2023,21.8,,
29-08-2023,22.4,,
30-08-2023,21.5,82,0
31-08-2023,22,82,
1/9/2023,21,80,
2/9/2023,21.2,,
3/9/2023,,,
4/9/2023,20.7,70,
5/9/2023,22.1,67,
6/9/2023,23.5,64,
7/9/2023,22.2,,
8/9/2023,22.3,,
9/9/2023,22.7,,0
10/9/2023,22.8,73,
11/9/2023,22.1,79,
12/9/2023,23.2,,
13-09-2023,21.7,,
14-09-2023,21.8,85,3
15-09-2023,22.5,65,
16-09-2023,21.8,70,0
17-09-2023,22.3,,
18-09-2023,22.5,,0.2
19-09-2023,23,71,8888
20-09-2023,22.7,84,0
21-09-2023,22.3,74,
22-09-2023,20.9,,
23-09-2023,23.6,,
24-09-2023,25.4,60,0
25-09-2023,23.2,68,0
26-09-2023,23.4,64,0
27-09-2023,23,,
28-09-2023,23.9,,
29-09-2023,23.3,,0
30-09-2023,21.6,76,
1/10/2023,22.3,68,
2/10/2023,22.7,,
3/10/2023,23.6,,
4/10/2023,24.3,65,0
5/10/2023,22.7,81,0
6/10/2023,24.6,60,
7/10/2023,22.6,,
8/10/2023,24.8,,
9/10/2023,24.3,70,0
10/10/2023,23.4,78,
11/10/2023,22.8,74,
12/10/2023,23.8,,0
13-10-2023,24.3,,
14-10-2023,24.3,69,0
15-10-2023,25.4,61,
16-10-2023,24.9,70,
17-10-2023,25.3,,
18-10-2023,24.9,,
19-10-2023,23.3,68,0
20-10-2023,24.7,59,
21-10-2023,24.4,57,
22-10-2023,23.9,,
23-10-2023,29.7,75,0
24-10-2023,24.3,70,0
25-10-2023,24.7,63,
26-10-2023,24.6,65,
27-10-2023,24.6,,
28-10-2023,26.9,,
29-10-2023,25,69,0
30-10-2023,25.7,65,
31-10-2023,24.7,78,
1/11/2023,23,78,
2/11/2023,25,67,
3/11/2023,25.2,75,0
4/11/2023,24,79,
5/11/2023,24.4,70,14.5
6/11/2023,,,
7/11/2023,26.3,62,
8/11/2023,25.6,63,0
9/11/2023,24.9,72,0
10/11/2023,23.9,82,9.6
11/11/2023,22,92,
12/11/2023,25,68,
13-11-2023,25.1,67,
14-11-2023,25.1,73,
15-11-2023,24.6,80,0
16-11-2023,22.4,84,8888
17-11-2023,24.5,82,5.5
18-11-2023,24.5,73,0.5
19-11-2023,,,0
20-11-2023,26.5,69,
21-11-2023,23.4,84,
22-11-2023,27.2,67,
23-11-2023,26,77,
24-11-2023,24.2,81,5.1
25-11-2023,22.6,83,8
26-11-2023,,,
27-11-2023,22.6,87,
28-11-2023,22.3,92,56
29-11-2023,24.3,82,10.2
30-11-2023,24.3,83,
1/12/2023,22.2,92,0.7
2/12/2023,23.7,86,
3/12/2023,24.3,83,0
4/12/2023,24.7,82,
5/12/2023,24.5,84,1
6/12/2023,22,92,
7/12/2023,24.5,82,
8/12/2023,22.2,92,3
9/12/2023,23,92,37.1
10/12/2023,21.8,94,0.5
11/12/2023,,,
12/12/2023,24,85,
13-12-2023,23.9,84,8
14-12-2023,23.5,87,
15-12-2023,22.7,87,5
16-12-2023,20.8,95,7.6
17-12-2023,24.4,82,
18-12-2023,23.5,81,0
19-12-2023,23.6,78,
20-12-2023,23.3,78,
21-12-2023,20.8,83,
22-12-2023,23.8,88,
23-12-2023,24.5,80,0
24-12-2023,24.7,82,
25-12-2023,22.8,89,0.1
26-12-2023,20.2,96,1.5
27-12-2023,24.6,83,1.8
28-12-2023,24.5,86,1
29-12-2023,25.4,83,
30-12-2023,25,87,
31-12-2023,22.6,94,1
1/1/2024,25.2,84,1.8
2/1/2024,24.5,88,9.5
3/1/2024,23,93,31.4
4/1/2024,24.6,84,2.5
5/1/2024,,,0.9
6/1/2024,22.4,94,41.2
7/1/2024,23.3,89,53
8/1/2024,23.4,89,8888
9/1/2024,22.9,90,0.6
10/1/2024,21,98,2
11/1/2024,23.6,90,51.8
12/1/2024,24,83,0
13-01-2024,24.7,81,
14-01-2024,24.3,84,
15-01-2024,,97,
16-01-2024,22.3,94,27.8
17-01-2024,21.3,94,27
18-01-2024,23.1,93,23.6
19-01-2024,22,94,2.3
20-01-2024,20.4,96,2.1
21-01-2024,24.2,84,0.2
22-01-2024,22.5,89,
23-01-2024,23.2,85,12
24-01-2024,23.8,85,0.3
25-01-2024,20.4,95,8888
26-01-2024,23.6,88,17.2
27-01-2024,23.2,89,15
28-01-2024,22.3,91,8888
29-01-2024,22.2,94,11.7
30-01-2024,,,38.6
31-01-2024,22.6,92,10.2
1/2/2024,22.4,91,0
2/2/2024,22.6,93,0
3/2/2024,21.8,95,21
4/2/2024,,,23.7
5/2/2024,22.8,91,38.4
6/2/2024,22.1,94,12.3
7/2/2024,23.1,92,16.5
8/2/2024,22.7,90,8888
9/2/2024,,,
10/2/2024,21.7,97,41.2
11/2/2024,22.4,92,0
12/2/2024,22.1,94,24
13-02-2024,23.3,93,59.2
14-02-2024,21.6,98,2.7
15-02-2024,23.5,92,1.1
16-02-2024,20.2,98,29.4
17-02-2024,22.8,94,
18-02-2024,22.2,94,5.5
19-02-2024,20.6,96,38.2
20-02-2024,24.1,88,8888
21-02-2024,25.1,84,0
22-02-2024,23.2,92,24.5
23-02-2024,23.8,89,9.5
24-02-2024,20.8,95,
25-02-2024,22.5,92,
26-02-2024,,88,64
27-02-2024,,92,39
28-02-2024,,91,3.8
29-02-2024,,,
1/3/2024,24.5,88,1.6
2/3/2024,23.8,90,0
3/3/2024,,92,8.5
4/3/2024,,97,69.2
5/3/2024,21.6,98,21.7
6/3/2024,23.9,92,34.9
7/3/2024,,89,5.5
8/3/2024,24.5,88,
9/3/2024,22.2,92,13
10/3/2024,22,93,140.7
11/3/2024,23.3,90,1.4
12/3/2024,,76,8.7
13-03-2024,21.8,90,3
14-03-2024,21.7,94,64.6
15-03-2024,24.5,84,38.6
16-03-2024,23.9,88,3.1
17-03-2024,24.5,85,2.3
18-03-2024,24.2,84,
19-03-2024,23.5,86,
20-03-2024,23.7,87,0
21-03-2024,22.5,93,2.4
22-03-2024,22.3,92,32.3
23-03-2024,23.6,90,16
24-03-2024,24.2,87,5.5
25-03-2024,20.4,96,5.5
26-03-2024,23.6,83,
27-03-2024,23.2,88,8888
28-03-2024,23.1,91,
29-03-2024,23.4,90,1.5
30-03-2024,23.5,90,7.3
31-03-2024,25.6,84,
1/4/2024,23.5,92,0
2/4/2024,24.2,91,71
3/4/2024,25.4,83,8888
4/4/2024,22,92,
5/4/2024,24,90,35
6/4/2024,23.7,88,91.6
7/4/2024,22.9,95,1.5
8/4/2024,24.1,90,29.4
9/4/2024,21.5,99,29
10/4/2024,23,93,4.7
11/4/2024,22.3,94,4.6
12/4/2024,24.8,86,
13-04-2024,24.5,83,2.5
14-04-2024,23.2,88,
15-04-2024,24.1,88,19.6
16-04-2024,24.4,84,
17-04-2024,23,94,4
18-04-2024,24,86,20
19-04-2024,22.5,89,0.4
20-04-2024,25.7,79,
21-04-2024,22.8,91,0
22-04-2024,23.4,90,42
23-04-2024,23.9,90,2
24-04-2024,21,98,29.7
25-04-2024,22.3,96,
26-04-2024,24.2,88,11.2
27-04-2024,23.6,88,
28-04-2024,24.7,84,
29-04-2024,21.4,96,1.5
30-04-2024,25,79,0.2
1/5/2024,24.9,82,0
2/5/2024,24.3,87,
3/5/2024,24.9,77,
4/5/2024,22.2,82,
5/5/2024,25.4,74,
6/5/2024,23,82,0
7/5/2024,23.8,78,
8/5/2024,24,83,
9/5/2024,,,
10/5/2024,24.4,82,7.4
11/5/2024,24.6,82,8888
12/5/2024,24.2,78,
13-05-2024,23.1,79,
14-05-2024,20.4,93,
15-05-2024,24.4,72,
16-05-2024,24.1,79,0
17-05-2024,24.5,76,
18-05-2024,24.2,83,
19-05-2024,20.2,96,5.4
20-05-2024,23.7,79,
21-05-2024,23.9,82,
22-05-2024,23.3,79,
23-05-2024,23.7,81,
24-05-2024,24.6,80,
25-05-2024,24.7,81,0
26-05-2024,23.8,82,
27-05-2024,23.8,78,
28-05-2024,24.3,77,
29-05-2024,22.6,85,
30-05-2024,24.4,78,
31-05-2024,24.9,78,0
1/6/2024,26.1,76,
2/6/2024,,,2.5
3/6/2024,,,27
4/6/2024,24.2,81,0.2
5/6/2024,,,
6/6/2024,,,1
7/6/2024,23.8,81,
8/6/2024,23.8,84,
9/6/2024,20.2,96,
10/6/2024,,,1.5
11/6/2024,24.4,80,
12/6/2024,,,18.5
13-06-2024,23.7,85,13
14-06-2024,22.5,94,5.9
15-06-2024,,,26.5
16-06-2024,22.5,87,
17-06-2024,23.4,83,
18-06-2024,20,91,
19-06-2024,22.6,79,
20-06-2024,22.4,75,0
21-06-2024,22.4,77,
22-06-2024,22.9,72,
23-06-2024,21.2,88,
24-06-2024,23.2,85,
25-06-2024,22.3,92,1
26-06-2024,,84,
27-06-2024,21,91,
28-06-2024,22.5,90,7
29-06-2024,23.4,83,
30-06-2024,23.4,87,0
1/7/2024,23.7,74,
2/7/2024,23,85,
3/7/2024,19.8,98,12
4/7/2024,22,91,15
5/7/2024,21.8,83,0
6/7/2024,22.9,82,
7/7/2024,22.6,81,11
8/7/2024,,9999,
9/7/2024,21.2,9999,0
10/7/2024,23.1,9999,0
11/7/2024,20.7,9999,0
12/7/2024,20.2,9999,0
13-07-2024,19.3,9999,0
14-07-2024,19.9,9999,0
15-07-2024,21.7,9999,0
16-07-2024,20.1,9999,0
17-07-2024,20.5,82,0
18-07-2024,21.7,79,0
19-07-2024,21.4,9999,0
20-07-2024,20.3,9999,0
21-07-2024,20.2,9999,0
22-07-2024,20.5,85,0
23-07-2024,20.8,84,0
24-07-2024,21.2,9999,0
25-07-2024,21.7,9999,0
26-07-2024,19.8,9999,0
27-07-2024,21.6,80,0
28-07-2024,21.6,83,0
29-07-2024,21.4,9999,0
30-07-2024,21.6,9999,0
31-07-2024,22.6,9999,0
1/8/2024,21.8,92,48.5
2/8/2024,21.9,93,162
3/8/2024,20.5,9999,2.5
4/8/2024,20.6,9999,0
5/8/2024,19.6,9999,0
6/8/2024,20.6,89,0
7/8/2024,21.6,9999,0
8/8/2024,21.8,9999,0
9/8/2024,22.1,9999,0
10/8/2024,22.1,9999,0
11/8/2024,21,75,0
12/8/2024,19.4,9999,0
13-08-2024,20.7,9999,0
14-08-2024,21.2,9999,0
15-08-2024,20.7,9999,0
16-08-2024,21.1,82,0
17-08-2024,21.8,9999,0
18-08-2024,21.2,9999,0
19-08-2024,22,9999,0
20-08-2024,21.4,9999,0
21-08-2024,21.2,78,0
22-08-2024,22,9999,0
23-08-2024,21.8,9999,0
24-08-2024,22.2,9999,0
25-08-2024,23.2,9999,0
26-08-2024,22.5,78,0
27-08-2024,22.2,9999,0
28-08-2024,22,9999,0
29-08-2024,21.3,9999,0
30-08-2024,20.9,9999,0
31-08-2024,22.1,76,0
1/9/2024,21.8,9999,0
2/9/2024,21.2,9999,0
3/9/2024,23.7,9999,0
4/9/2024,24.2,73,0
5/9/2024,23.6,9999,0
6/9/2024,23.2,9999,0
7/9/2024,23.5,9999,0
8/9/2024,23.8,9999,0
9/9/2024,23.8,9999,0
10/9/2024,23.5,9999,0.1
11/9/2024,23,9999,0
12/9/2024,22.7,9999,0.3
13-09-2024,22.2,9999,0
14-09-2024,22.1,9999,0
15-09-2024,21.4,76,0
16-09-2024,21.3,9999,0
17-09-2024,20.5,9999,0
18-09-2024,21.8,9999,0
19-09-2024,22.7,9999,0
20-09-2024,22.2,76,0
21-09-2024,21.8,9999,0
22-09-2024,21.8,9999,0
23-09-2024,21.3,9999,0
24-09-2024,22.1,9999,47
25-09-2024,21.6,91,0
26-09-2024,22.3,9999,16
27-09-2024,23.4,9999,0.4
28-09-2024,24,9999,0
29-09-2024,23.5,9999,0
30-09-2024,24.9,69,0
1/10/2024,24.3,9999,0
2/10/2024,23.5,9999,0
3/10/2024,23.5,9999,0
4/10/2024,23.6,9999,0
5/10/2024,23.6,77,0
6/10/2024,22.1,9999,0
7/10/2024,23.6,9999,0
8/10/2024,22.4,9999,8888
9/10/2024,24.2,9999,0.5
10/10/2024,24.9,58,0
11/10/2024,24,9999,0
12/10/2024,24.9,9999,0
13-10-2024,24.2,9999,0
14-10-2024,23.1,9999,0
15-10-2024,22.8,78,0
16-10-2024,22.3,9999,0
17-10-2024,23,9999,0
18-10-2024,23.8,9999,0
19-10-2024,23.4,9999,0
20-10-2024,23.3,84,0
21-10-2024,22.6,9999,0
22-10-2024,22.7,9999,6.8
23-10-2024,22.7,9999,0
24-10-2024,23.1,9999,0
25-10-2024,23,9999,1.1
26-10-2024,23.3,9999,27
27-10-2024,24.5,9999,0
28-10-2024,23.9,9999,0
29-10-2024,23.5,9999,0
30-10-2024,24.5,69,0
31-10-2024,24.1,9999,0
1/11/2024,23,9999,0
2/11/2024,22.3,9999,17.5
3/11/2024,23,9999,1.2
4/11/2024,22.5,86,1.6
5/11/2024,23.4,9999,0
6/11/2024,23.8,9999,0.1
7/11/2024,22.9,9999,0
8/11/2024,24.8,9999,0
9/11/2024,24.5,81,0.1
10/11/2024,23.9,9999,0
11/11/2024,23.3,9999,0
12/11/2024,24.3,9999,0
13-11-2024,24.1,9999,0
14-11-2024,25,75,0
15-11-2024,24,9999,0
16-11-2024,23.7,9999,0
17-11-2024,23.3,9999,8888
18-11-2024,24.1,9999,2
19-11-2024,24.3,89,0.1
20-11-2024,23.8,9999,0
21-11-2024,23.8,9999,0
22-11-2024,23.2,9999,0
23-11-2024,23.6,9999,40.5
24-11-2024,23.6,90,10.8
25-11-2024,23,9999,4.2
26-11-2024,23.1,9999,40.4
27-11-2024,23.3,9999,29.5
28-11-2024,22.9,9999,8888
29-11-2024,23.2,9999,4.5
30-11-2024,22.1,9999,16.8
1/12/2024,21.7,9999,23
2/12/2024,21.6,9999,10.5
3/12/2024,23.2,9999,92.1
4/12/2024,23.4,86,0.1
5/12/2024,22.8,9999,0
6/12/2024,20.7,9999,119
7/12/2024,22,9999,80
8/12/2024,23.2,9999,8888
9/12/2024,22.1,9999,3.6
10/12/2024,22.9,9999,12
11/12/2024,21.6,9999,28.8
12/12/2024,21.9,9999,99.5
13-12-2024,21.4,9999,23.5
14-12-2024,22.5,9999,3.5
15-12-2024,22,9999,4.5
16-12-2024,21.3,9999,18.4
17-12-2024,23.2,9999,3.2
18-12-2024,22.5,9999,8.5
19-12-2024,22,9999,12.5
20-12-2024,22.7,9999,15.8
21-12-2024,22.6,9999,13
22-12-2024,21.9,9999,81
23-12-2024,20.9,9999,8.5
24-12-2024,21,9999,55
25-12-2024,22,9999,41.8
26-12-2024,22.1,9999,13.5
27-12-2024,23.1,9999,0.3
28-12-2024,22.6,9999,0
29-12-2024,21.8,9999,8.4
30-12-2024,22.2,92,0.1
31-12-2024,22,9999,84.4
1/1/2025,21.7,9999,36.1
2/1/2025,20.6,9999,33.5
3/1/2025,22.4,9999,34.8
4/1/2025,20.8,96,0
5/1/2025,20.8,9999,45
6/1/2025,21.2,9999,8888
7/1/2025,21.3,9999,12
8/1/2025,22.4,9999,13.1
9/1/2025,22.7,93,0
10/1/2025,21.9,9999,0
11/1/2025,22.2,9999,7.5
12/1/2025,21.1,9999,35
13-01-2025,21.3,9999,42.6
14-01-2025,22.4,92,17.4
15-01-2025,21.7,9999,18.4
16-01-2025,22.3,9999,47.7
17-01-2025,22.3,9999,0
18-01-2025,22.8,9999,12.1
19-01-2025,21.9,9999,41
20-01-2025,22.2,9999,16.9
21-01-2025,22,9999,20
22-01-2025,21.1,9999,20.5
23-01-2025,21.1,9999,25.1
24-01-2025,21.1,95,31.6
25-01-2025,22.3,9999,5.4
26-01-2025,22,9999,98.5
27-01-2025,20.7,9999,26.5
28-01-2025,20.8,9999,76.5
29-01-2025,21.7,9999,10.3
30-01-2025,20.6,9999,14.6
31-01-2025,21.5,9999,28
1/2/2025,22.6,9999,0
2/2/2025,22.9,9999,0
3/2/2025,23.3,88,0
4/2/2025,23.1,9999,0
5/2/2025,22.5,9999,30.5
6/2/2025,23.2,9999,12
7/2/2025,22.8,9999,4.6
8/2/2025,22.5,9999,10.3
9/2/2025,22.6,9999,0.2
10/2/2025,21.9,9999,0.5
11/2/2025,22.3,9999,3.5
12/2/2025,21.8,9999,0
13-02-2025,22.2,93,0
14-02-2025,21.6,9999,1.1
15-02-2025,24.2,9999,1
16-02-2025,21.8,9999,13.5
17-02-2025,21.5,9999,0
18-02-2025,21.8,9999,6.6
19-02-2025,21.7,9999,3.4
20-02-2025,21.8,9999,10
21-02-2025,21.5,9999,9
22-02-2025,21.3,9999,17.1
23-02-2025,20.6,97,19.2
24-02-2025,20.4,9999,43.6
25-02-2025,20.7,9999,93
26-02-2025,20.7,9999,27.8
27-02-2025,21.8,9999,15.8
28-02-2025,21,94,29.6
1/3/2025,22.2,9999,52
2/3/2025,22.6,9999,1
3/3/2025,22.6,9999,18.5
4/3/2025,22.7,9999,0.2
5/3/2025,23.5,88,9
6/3/2025,22.4,9999,0
7/3/2025,22.1,9999,50.1
8/3/2025,22.4,9999,0
9/3/2025,21.9,9999,2.9
10/3/2025,21,96,1.2
11/3/2025,22.4,9999,47.4
12/3/2025,22.4,9999,10
13-03-2025,21.5,9999,39.7
14-03-2025,21.6,9999,1
15-03-2025,21.5,92,52.4
16-03-2025,21.3,9999,35
17-03-2025,21,9999,7.5
18-03-2025,22.6,9999,18
19-03-2025,21.5,9999,31.9
20-03-2025,22.2,9999,3
21-03-2025,22,9999,2
22-03-2025,22.3,9999,1.6
23-03-2025,21.7,9999,8
24-03-2025,22.4,9999,0.9
25-03-2025,22.5,9999,19
26-03-2025,23.4,9999,1.5
27-03-2025,23.6,9999,0.3
28-03-2025,21.8,9999,0
29-03-2025,22,9999,11.5
30-03-2025,22,9999,1
31-03-2025,21.3,9999,9.6
1/4/2025,20.9,9999,0.5
2/4/2025,22.1,9999,58.7
3/4/2025,21.9,9999,90
4/4/2025,21.8,9999,21.4
5/4/2025,20.9,9999,0
6/4/2025,20.5,9999,1.8
7/4/2025,21.8,9999,4
8/4/2025,22.1,9999,0
9/4/2025,22.9,9999,3
10/4/2025,22.1,9999,0
11/4/2025,21.6,9999,0
12/4/2025,23.1,9999,54
13-04-2025,23,9999,0
14-04-2025,22.2,9999,0
15-04-2025,22.6,9999,12.8
16-04-2025,21.7,9999,0
17-04-2025,20.8,9999,52
18-04-2025,22,9999,58.3
19-04-2025,22.2,9999,0
20-04-2025,22.6,9999,0
21-04-2025,21.2,9999,2
22-04-2025,21.8,9999,4
23-04-2025,22.7,9999,1.2
24-04-2025,21.1,9999,3.4
25-04-2025,21.7,9999,0
26-04-2025,21,9999,1
27-04-2025,22.2,9999,12
28-04-2025,22.4,9999,0
29-04-2025,22.4,9999,8
30-04-2025,21.1,9999,0
1/5/2025,22.1,9999,0
2/5/2025,22.2,9999,16
3/5/2025,22.4,9999,0
4/5/2025,22.5,9999,0
5/5/2025,23.5,9999,0
6/5/2025,22.2,9999,0
7/5/2025,23.1,9999,10
8/5/2025,22.5,9999,1
9/5/2025,20.7,9999,11
10/5/2025,21.4,9999,7.2
11/5/2025,21.7,9999,10
12/5/2025,21.8,9999,22.5
13-05-2025,21.2,9999,45.3
14-05-2025,21.2,9999,54
15-05-2025,21,9999,67.6
16-05-2025,22,9999,40.5
17-05-2025,22,9999,109
18-05-2025,22.4,9999,0
19-05-2025,21,9999,7
20-05-2025,21.9,9999,24.1
21-05-2025,22.2,9999,0
22-05-2025,22.3,9999,8888
23-05-2025,20.6,9999,5.5
24-05-2025,21.6,9999,16.3
25-05-2025,22.3,9999,26
26-05-2025,20.6,9999,8
27-05-2025,22,9999,11
28-05-2025,21.3,9999,0
29-05-2025,23,9999,26.5
30-05-2025,22.2,9999,0
31-05-2025,22.6,9999,0
1/6/2025,22.8,9999,2.5
2/6/2025,22.5,9999,0.2
3/6/2025,22.3,9999,0
4/6/2025,21.5,9999,0
5/6/2025,22.5,9999,0
6/6/2025,22.3,9999,8888
7/6/2025,21.5,9999,0
8/6/2025,22.1,9999,1.5
9/6/2025,21.5,9999,27.3
10/6/2025,22,9999,0
11/6/2025,22.8,9999,28.5
12/6/2025,22.1,9999,0
13-06-2025,22.5,9999,0
14-06-2025,22.8,9999,0
15-06-2025,21.7,9999,0
16-06-2025,22.4,9999,23.5
17-06-2025,21.6,9999,82.5
18-06-2025,20.2,9999,18.3
19-06-2025,20.3,9999,0
20-06-2025,20.1,9999,0
21-06-2025,20.8,9999,0
22-06-2025,21.3,9999,38.5
23-06-2025,20.9,9999,2
24-06-2025,20.8,9999,0
25-06-2025,21.3,9999,0
26-06-2025,22.4,9999,0
27-06-2025,22.3,9999,9.5
28-06-2025,22.2,9999,0
29-06-2025,21.1,9999,0
30-06-2025,21.5,9999,8888
1/7/2025,20.8,9999,0
2/7/2025,21.5,9999,0
3/7/2025,21.2,9999,0
4/7/2025,21.6,9999,12.3
5/7/2025,21.2,9999,4.5
6/7/2025,21,9999,0
7/7/2025,23.1,9999,2
8/7/2025,21,9999,46
9/7/2025,20.3,9999,0
10/7/2025,19.3,9999,0
11/7/2025,20.4,9999,0
12/7/2025,21.6,9999,0
13-07-2025,22.1,9999,0
14-07-2025,20.9,9999,0
15-07-2025,20.7,9999,4.5
16-07-2025,22.1,9999,0
17-07-2025,19.6,9999,0
18-07-2025,19.9,9999,0
19-07-2025,20.1,9999,0
20-07-2025,19.4,9999,0
21-07-2025,21.4,9999,0
22-07-2025,21.2,9999,0
23-07-2025,21,9999,0
24-07-2025,21.5,9999,0
25-07-2025,21.8,9999,5.5
26-07-2025,22.7,9999,0
27-07-2025,21.9,9999,0
28-07-2025,20.8,9999,5.5
29-07-2025,20.7,9999,22.5
30-07-2025,20.8,9999,0.5
31-07-2025,21.1,9999,0
1/8/2025,22,9999,0
2/8/2025,22.8,9999,0
3/8/2025,22.1,9999,0
4/8/2025,21.8,9999,0
5/8/2025,21.1,9999,2.9
6/8/2025,21,9999,44
7/8/2025,21.1,9999,0
8/8/2025,20.7,9999,0
9/8/2025,22.6,9999,0
10/8/2025,21.7,9999,0
11/8/2025,22,9999,0
12/8/2025,21.8,9999,0
13-08-2025,21.9,9999,35
14-08-2025,18.8,9999,0
15-08-2025,20.8,9999,0.7
16-08-2025,20.4,9999,1
17-08-2025,21.5,9999,0
18-08-2025,21.5,9999,0
19-08-2025,21.6,9999,20
20-08-2025,20.5,9999,12.6
21-08-2025,21.4,9999,23.2
22-08-2025,20.3,9999,0
23-08-2025,20.2,9999,0
24-08-2025,20.5,9999,0
25-08-2025,21,9999,0
26-08-2025,20.8,9999,0
27-08-2025,21,9999,0
28-08-2025,21.6,9999,0
29-08-2025,20.8,9999,0
30-08-2025,22.1,9999,8888
31-08-2025,23.3,9999,0
1/9/2025,21,9999,0
2/9/2025,22.1,9999,0
3/9/2025,22,9999,0
4/9/2025,22,9999,0
5/9/2025,22.3,9999,0
6/9/2025,21.6,9999,0
7/9/2025,21.4,9999,0
8/9/2025,22,9999,0
9/9/2025,22.8,9999,0
10/9/2025,23,9999,1
11/9/2025,22.8,9999,6
12/9/2025,22.6,9999,0
13-09-2025,22.2,9999,0
14-09-2025,21.3,9999,0
15-09-2025,22.3,9999,0
16-09-2025,20.8,9999,0
17-09-2025,21.9,9999,54.4
18-09-2025,22.7,9999,0
19-09-2025,23.2,9999,1.6
20-09-2025,22.4,9999,1.4
21-09-2025,22.1,9999,0
22-09-2025,22.4,9999,0
23-09-2025,22.9,9999,0
24-09-2025,21.9,9999,0
25-09-2025,23,9999,0
26-09-2025,22.4,9999,0
27-09-2025,23,9999,1
28-09-2025,23.6,9999,0
29-09-2025,23.3,9999,0
30-09-2025,22.1,9999,10.5
1/10/2025,21.9,9999,26
2/10/2025,22.9,9999,0
3/10/2025,23.4,9999,0
4/10/2025,23.6,9999,0
5/10/2025,22,9999,0
6/10/2025,22.6,9999,0
7/10/2025,21.7,9999,0
8/10/2025,22.7,9999,0
9/10/2025,20.6,9999,0
10/10/2025,22.1,9999,12
11/10/2025,22.5,9999,0
12/10/2025,23.4,9999,0
13-10-2025,24.8,9999,0
14-10-2025,23.3,9999,0
15-10-2025,23.1,9999,0
16-10-2025,23.2,9999,0
17-10-2025,23.4,9999,12.7
18-10-2025,24.4,9999,0
19-10-2025,24.3,9999,0
20-10-2025,23.6,9999,0
21-10-2025,21.8,9999,2.5
22-10-2025,21.5,9999,22.5
23-10-2025,22.2,9999,36.5
24-10-2025,23.2,9999,15.5
25-10-2025,21.8,9999,0.2
26-10-2025,22.5,9999,1
27-10-2025,22.6,9999,24
28-10-2025,23.2,9999,1.2
29-10-2025,21.7,9999,1.5
30-10-2025,22.2,9999,13.5
31-10-2025,22.6,9999,23
1/11/2025,23.2,9999,0
2/11/2025,23.5,9999,1.5
3/11/2025,22.4,9999,2
4/11/2025,21.1,9999,16
5/11/2025,21.3,9999,24
6/11/2025,22.2,9999,42.7
7/11/2025,22.6,9999,22.5
8/11/2025,22.9,9999,3.1
9/11/2025,22.1,9999,1
10/11/2025,22,9999,0.7
11/11/2025,21.4,9999,16.8
12/11/2025,20.9,9999,7.5
13-11-2025,21.1,9999,55.8
14-11-2025,21.4,9999,10
15-11-2025,21.8,9999,1.9
16-11-2025,21.4,9999,4.5
17-11-2025,21.5,9999,4.5
18-11-2025,21.2,9999,39.8
19-11-2025,21.2,9999,58.4
20-11-2025,21.9,9999,60.5
21-11-2025,22.6,9999,0.1
22-11-2025,21.2,9999,9.3
23-11-2025,22.1,9999,51.2
24-11-2025,21.3,9999,44.5
25-11-2025,21.7,9999,33.1
26-11-2025,21.5,9999,29
27-11-2025,21.8,9999,12.5
28-11-2025,22.7,9999,0.5
29-11-2025,22.2,9999,0
30-11-2025,22,9999,1.5
1/12/2025,23.1,9999,0
2/12/2025,21.8,9999,19.5
3/12/2025,21.5,9999,13.6
4/12/2025,21.3,9999,72.6
5/12/2025,20.7,9999,17.5
6/12/2025,21.4,9999,7.5
7/12/2025,21.6,9999,3
8/12/2025,21,9999,11.5
9/12/2025,21.8,9999,21.8
10/12/2025,21.6,9999,34.5
11/12/2025,22.3,9999,48
12/12/2025,22.3,9999,9.5
13-12-2025,21.9,9999,17.5
14-12-2025,22,9999,0
15-12-2025,20.5,9999,20
16-12-2025,21.8,9999,39.6
17-12-2025,22.8,9999,0
18-12-2025,21.3,9999,8888
19-12-2025,21.3,9999,8.5
20-12-2025,20.5,9999,1.7
21-12-2025,21.4,9999,37
22-12-2025,20.9,9999,34.9
23-12-2025,22.2,9999,22
24-12-2025,21.3,9999,0.2
25-12-2025,21.8,9999,42
26-12-2025,22,9999,7.8
27-12-2025,23.2,9999,1
28-12-2025,22.7,9999,0.1
29-12-2025,22.1,9999,0
30-12-2025,21.9,9999,5
31-12-2025,22.2,9999,6.1