suhu,kelembaban,curah_hujan
21.8,93.0,19.8
21.4,96.0,12.5
21.4,95.0,22.1
20.8,98.0,8.5
20.7,98.0,15.0
21.5,93.0,55.5
21.5,96.0,26.5
21.5,96.0,32.5
21.8,95.0,47.1
22.3,93.0,0.9
22.4,93.0,12.371333333333334
22.0,95.0,10.1
22.1,94.0,25.4
22.2,90.0,3.8
21.8,93.0,42.190000000000005
21.0,93.0,0.8
20.2,98.0,16.9
20.9,95.0,41.5
21.3,96.0,49.7
21.8,92.0,13.4
21.4,93.0,7.0
20.5,96.0,35.777499999999996
20.6,96.0,9.0
21.1,94.0,9.7
20.0,98.0,41.6
20.0,96.0,72.5
21.6,94.0,124.9
20.9,94.0,26.4
21.2,93.0,47.4
20.9,90.0,2.5
21.2,94.0,7.5
22.3,94.0,40.8
23.1,86.0,8.0
21.7,93.0,15.3
21.4,91.0,68.8
22.2,90.0,0.9
21.8,88.0,39.5
21.9,88.0,2.5
22.6,81.0,16.1
22.6,91.0,19.9
21.4,97.0,10.8
21.8,95.0,31.5
21.8,95.0,20.1
21.4,95.0,41.1
20.9,94.0,3.7
21.5,96.0,50.0
21.5,96.0,18.5
21.4,94.0,43.9
20.7,92.0,81.6
22.3,91.0,8.2
21.5,94.0,16.53514285714286
21.5,95.0,13.7
21.8,94.0,38.1
20.7,96.0,10.040000000000001
21.6,92.0,41.4
21.6,95.0,22.3
22.1,91.0,24.4
21.2,92.0,2.8
21.5,90.0,18.0
21.6,93.0,46.03999999999999
21.1,94.0,0.6
21.9,90.0,25.5
20.6,96.0,1.5
20.5,96.0,51.0
20.5,96.0,28.9
21.3,94.0,0.4
21.1,94.0,7.0
21.5,93.0,1.0
21.6,93.0,44.2
21.3,93.0,14.280000000000001
21.4,90.0,127.4
20.5,95.0,2.0
19.6,96.0,12.5
21.6,93.0,47.4
21.8,92.0,7.3
21.4,92.0,1.5
20.4,96.0,25.03213636363636
21.6,92.0,35.4
21.4,96.0,5.8
21.1,96.0,31.5
22.0,94.0,12.2
21.6,96.0,7.44845238095238
22.2,94.0,147.9
21.6,96.0,11.4
21.8,96.0,16.7
21.8,94.0,37.1
21.7,95.0,29.3
22.7,88.0,11.484999999999998
21.7,95.0,0.0
21.1,96.0,24.84
22.9,87.0,3.8400000000000007
22.0,94.0,39.7
23.3,85.0,3.1
21.6,94.0,0.9
22.2,92.0,8.50675
22.1,95.0,48.13
21.9,94.0,2.0
21.8,93.0,1.5
22.0,92.0,83.8
21.8,92.0,4.5
22.1,91.0,31.7
21.9,91.0,4.24
21.5,92.0,33.5
21.7,92.0,0.7
21.5,88.0,13.2
23.1,83.0,0.0
21.3,90.0,0.0
22.8,84.0,0.0
21.9,86.0,2.4
20.9,85.0,0.0
21.0,87.0,1.2
21.4,83.0,0.0
21.0,88.0,0.0
21.0,90.0,3.75
22.1,89.0,2.35
21.8,86.0,0.885
21.9,91.0,2.0
21.4,92.0,1.965833333333333
21.9,94.0,3.3
23.1,87.0,16.04
22.1,87.0,9.175
22.6,87.0,0.0
21.9,88.0,8.0
22.5,88.0,0.0
21.5,94.0,23.1
22.2,90.0,0.2
22.4,92.0,0.0
20.7,92.0,20.5
20.4,86.0,0.18
22.4,85.0,0.0
23.1,86.0,1.6105119047619048
22.5,89.0,0.0
22.1,86.0,0.0
22.1,86.0,0.0
22.1,87.0,0.0
22.1,87.0,9.175
20.7,86.0,0.0
22.3,91.0,0.0
21.7,91.0,15.506666666666666
22.3,90.0,40.4
22.6,88.0,8.5
21.6,94.0,25.0
21.0,95.0,1.0
21.5,92.0,13.6
21.5,91.0,22.86142857142857
22.2,86.0,0.7
22.6,84.0,0.0
23.6,85.0,0.0
21.9,91.0,7.6
22.3,92.0,32.60409126984128
21.2,92.0,6.8
21.8,93.0,51.0
21.8,92.0,20.0
21.3,90.0,0.0
23.4,86.0,0.0
23.4,80.0,9.0
22.1,92.0,5.0
21.7,88.0,1.0
21.8,89.0,6.4816666666666665
22.4,85.0,0.2
23.3,90.0,0.2
22.9,90.0,26.0
21.4,94.0,23.0
21.0,89.0,19.7
22.2,87.0,3.0500000000000003
22.4,88.0,36.013333333333335
21.1,92.0,7.1
21.8,90.0,8.5
20.9,92.0,6.580000000000001
22.1,90.0,1.7
21.5,90.0,0.5
20.8,91.0,2.1
21.5,90.0,36.3
22.0,90.0,0.8825
21.7,94.0,2.2
21.7,92.0,45.8
21.6,91.0,0.5
22.5,90.0,6.5
20.9,96.0,21.0
22.1,88.0,2.2393333333333336
22.4,86.0,11.129999999999999
22.4,82.0,0.53
19.9,82.0,0.0
20.8,86.0,0.0
20.5,86.0,0.18
20.9,86.0,0.18
18.6,85.0,0.0
20.9,80.0,0.0
22.2,85.0,0.0
21.8,92.0,9.9
21.7,93.0,80.2
21.7,93.0,80.2
21.7,76.0,26.7
21.2,76.0,0.0
19.9,84.0,0.0
19.9,82.0,0.0
19.8,83.0,0.0
19.2,80.0,0.0
21.4,84.0,0.0
22.1,84.23055708180709,0.0
19.6,68.0,2.67
20.9,62.0,2.67
19.9,72.0,2.67
23.0,72.0,0.36
21.8,85.0,0.0
22.4,75.0,3.0
21.9,86.0,0.0
21.1,86.0,0.18
22.3,88.0,18.483333333333334
23.8,77.0,0.0
22.8,83.0,0.0
22.9,80.0,0.0
21.7,83.0,0.0
21.7,83.0,0.0
22.4,87.0,9.950333333333333
22.2,91.0,78.5
21.6,90.0,20.0
21.0,79.0,1.0
22.6,80.0,2.9650000000000003
23.4,81.0,0.5
22.6,84.0,0.0
23.8,76.0,0.0
22.2,87.0,3.0500000000000003
21.8,82.0,0.0
21.2,88.0,0.0
21.3,86.0,0.18
21.1,88.0,0.0
23.2,79.0,0.0
21.3,86.0,0.0
21.0,83.0,0.0
20.8,81.0,0.0
21.7,80.0,0.0
21.4,78.0,0.0
22.1,80.0,0.0
21.0,88.0,0.0
23.2,78.0,0.0
22.3,84.0,2.1799999999999997
22.8,80.0,0.0
22.8,74.0,0.0
21.6,76.0,0.0
21.9,77.0,2.67
22.2,79.0,0.0
22.6,82.0,0.0
22.5,82.0,0.0
22.2,84.0,0.27
22.4,84.0,0.7
21.8,84.0,0.0
24.3,76.0,0.0
21.9,89.0,0.0
22.4,87.0,11.5
21.0,94.0,4.0
21.8,92.0,14.012064102564102
22.4,87.0,16.7
21.6,84.0,0.0
24.4,71.0,10.15
23.7,78.0,0.0
23.7,78.0,0.0
22.7,78.0,3.4799999999999995
22.1,83.0,0.0
22.3,80.0,0.0
23.2,74.0,0.0
22.4,87.0,11.5
22.1,85.0,0.1
23.6,81.0,0.0
22.2,90.0,3.2762499999999997
22.0,87.0,0.0
22.7,80.0,0.8699999999999999
22.5,85.0,0.0
22.0,88.0,0.0
22.7,87.5232683982684,0.0
21.9,86.0,1.5
22.5,83.0,4.96
21.4,93.0,11.113249999999999
21.8,94.0,75.1
21.2,91.0,1.89
21.9,87.0,2.4
21.5,83.0,0.0
22.5,82.0,0.0
23.7,74.0,0.0
22.1,84.0,0.0
22.0,78.0,0.0
22.1,80.0,0.0
22.4,81.0,0.0
23.1,84.0,0.0
23.0,88.0,0.0
23.1,86.0,0.0
23.3,85.0,3.7733333333333334
22.8,87.0,3.8400000000000007
23.1,87.0,18.8
23.1,86.0,0.0
23.0,85.0,0.0
23.5,80.0,5.4
23.0,86.0,0.0
23.7,83.0,0.0
24.3,79.0,0.0
23.5,82.0,0.0
23.7,80.0,2.7
23.3,85.0,0.0
22.3,91.0,0.0
22.8,90.0,87.0
22.3,92.0,11.3
21.4,96.0,5.937333333333332
22.7,90.0,11.0
21.8,90.0,0.0
22.2,91.0,98.7
22.4,89.0,15.6
22.8,88.0,4.259285714285714
23.0,90.0,0.0
22.1,94.0,20.54117316017316
22.2,94.0,31.7
21.5,94.0,16.53514285714286
21.7,94.0,1.8
21.9,90.0,14.408035714285713
21.3,96.0,15.436000000000002
21.5,97.0,43.7
20.7,94.0,2.7
21.6,94.0,20.6
22.7,89.0,12.191666666666666
22.5,89.0,5.0
21.1,94.0,5.0
20.3,96.0,29.5
22.4,91.0,27.7
22.6,92.0,12.84333333333333
21.1,94.0,7.4
20.9,96.0,52.0
22.0,94.0,23.6
21.2,95.0,31.159999999999997
21.4,94.0,7.5
20.4,96.0,48.0
21.3,96.0,15.436000000000002
21.5,96.0,28.558333333333337
23.2,94.0,28.721666666666664
22.8,95.0,6.5
22.0,96.0,18.262222222222224
22.2,93.0,24.0
22.0,92.0,6.0
23.0,90.0,9.5
23.4,91.0,8.5
23.4,92.0,16.2
22.6,91.0,25.669166666666666
23.1,92.0,40.0
22.8,91.0,0.1
23.0,92.0,24.4
21.9,93.0,2.0
21.9,94.0,56.3
23.2,90.0,16.5
23.8,87.0,1.32
24.2,89.0,0.0
24.3,87.0,0.0
23.4,88.0,8.0
21.4,93.0,7.0
24.1,84.0,2.9
21.8,91.0,0.0
21.7,90.0,39.7
21.7,95.0,30.0
22.3,93.0,13.0
22.7,89.0,41.8
22.8,90.0,2.0
22.0,91.0,1.2
22.7,91.0,10.5
21.1,95.0,26.126666666666665
20.7,96.0,10.040000000000001
20.6,96.0,65.3
21.7,92.0,11.5
20.3,98.0,26.0
20.759999999999998,96.0,5.0
20.5,94.0,6.0
21.0,95.0,0.0
20.1,94.0,98.9
19.9,96.0,8.0
20.8,97.0,55.0
20.2,97.0,31.8
21.6,94.0,73.7
22.5,90.0,1.5
21.6,91.0,0.0
20.5,96.0,22.5
21.0,94.0,28.6
20.8,93.0,14.5
20.3,97.0,26.2
21.1,93.0,14.0
20.6,96.0,56.0
20.8,94.0,57.0
21.0,95.0,2.0
22.3,92.0,10.0
22.1,91.0,23.493
22.4,86.0,11.129999999999999
23.6,90.0,0.5
22.1,94.0,2.0
21.5,95.0,45.0
21.9,94.0,12.0
21.4,96.0,6.0
21.4,92.0,4.1
21.4,94.0,0.0
21.3,92.0,11.5
22.0,91.0,4.0
21.4,96.0,1.5
21.3,93.0,4.4
21.3,96.0,15.7
20.6,93.0,23.0
22.1,87.0,12.0
20.9,98.0,6.5
21.7,90.0,53.7
21.3,96.0,2.9
21.5,91.0,14.2
21.7,91.0,20.0
21.0,95.0,20.0
21.7,90.0,11.5
21.7,94.0,8.2
21.9,93.0,61.1652380952381
22.0,89.0,1.0
21.3,89.0,3.0
20.7,92.0,0.0
21.4,93.0,15.1
20.4,95.0,6.2
21.9,88.0,21.0
21.3,94.0,11.0
22.2,91.0,13.0
21.9,89.0,11.0
22.6,92.0,19.2
21.8,94.0,9.0
22.2,92.0,25.7
22.0,90.0,0.5
21.9,88.0,0.4
21.6,94.0,0.0
21.8,93.0,55.2
22.1,94.0,33.5
21.7,91.0,8.5
22.0,92.0,55.342166666666664
21.6,94.0,7.1
22.9,92.0,40.6
23.5,90.0,7.6
22.7,93.0,0.25
23.2,84.0,0.4
22.7,89.0,0.0
22.0,93.0,33.9
20.7,98.0,1.5
21.9,92.0,89.0
21.1,94.0,14.2
21.9,92.0,3.0
22.4,88.0,16.6
22.7,90.0,6.9380952380952365
21.6,96.0,5.6
20.9,95.0,4.9
22.2,91.0,22.5
22.3,88.0,19.5
21.8,92.0,5.0
20.249999999999996,98.0,18.0
20.3,96.0,29.2
20.5,95.0,12.9
21.1,94.0,1.5
20.3,95.0,54.5
21.9,90.0,52.5
21.4,91.0,56.39333333333333
22.2,91.0,0.5
21.5,93.0,1.0
21.4,94.0,15.2
22.5,90.0,5.5
22.0,88.0,0.0
21.3,88.0,0.0
22.1,87.0,9.175
22.3,78.0,0.0
21.9,79.0,0.0
20.7,90.0,2.75
21.9,93.0,40.0
22.4,92.0,21.0
20.6,98.0,3.5
21.5,95.0,89.4
21.2,93.0,41.629999999999995
21.6,90.0,3.5
21.7,93.0,0.0
23.6,86.0,0.5
21.9,96.0,0.0
21.3,92.0,55.9
22.5,90.0,1.0
22.6,88.0,19.917261904761908
21.6,96.0,5.5
22.6,88.0,25.5
22.9,90.0,28.6
22.8,83.0,9.7
22.1,84.23055708180709,0.0
22.6,88.0,23.0
23.0,88.0,0.0
23.5,89.0,29.619999999999997
23.5,88.0,0.0
22.4,95.0,0.0
22.5,94.0,5.0
23.2,92.0,12.0
22.6,91.0,31.4
22.3,94.0,23.5
22.6,95.0,19.0
22.3,96.0,34.0
22.1,96.0,51.0
22.8,89.0,3.0
21.4,92.0,0.0
22.6,94.0,0.0
22.4,94.0,1.5
21.6,94.0,25.0
22.1,92.0,42.0
22.2,88.0,0.0
24.240000000000002,84.0,19.0
22.6,89.0,0.0
22.6,94.0,32.5
20.6,94.0,0.5
20.8,92.0,5.7
22.4,89.0,15.457999999999998
22.7,88.0,1.5
23.1,86.0,0.0
22.0,94.0,16.197111111111116
21.6,94.0,25.0
21.7,96.0,6.6
21.4,94.0,7.5
22.4,88.0,45.0
21.4,92.0,1.965833333333333
22.6,90.0,16.5
23.1,86.0,0.0
22.2,88.0,2.8
21.4,89.0,0.5
21.9,90.0,0.0
22.7,90.0,0.0
22.2,90.0,12.5
21.5,94.0,16.53514285714286
22.1,92.0,13.639333333333331
21.8,88.0,0.8
22.1,92.0,0.0
21.2,92.0,7.5
22.9,88.0,15.8
22.5,90.0,0.0
21.4,90.0,67.94666666666667
21.9,90.0,0.0
21.9,80.0,0.0
22.5,85.0,0.72
22.3,89.0,4.630000000000001
22.4,84.0,0.9599999999999997
22.1,89.0,0.0
21.5,92.0,15.0
22.1,84.23055708180709,0.0
21.0,85.0,0.0
21.8,85.0,0.0
20.4,87.0,0.0
21.6,90.0,9.892916666666668
22.8,91.0,16.5
21.8,92.0,0.0
21.6,94.0,1.5
21.3,94.0,6.5
20.1,92.0,1.0
20.3,89.0,0.0
19.0,88.0,0.0
20.2,86.0,0.18
21.4,90.0,0.0
22.9,86.0,0.0
21.9,88.0,0.0
21.5,90.0,2.2
21.7,88.0,0.3
21.9,90.0,14.408035714285713
21.4,88.0,0.0
22.4,87.0,0.0
22.3,77.0,0.0
21.1,93.8,39.69833333333334
22.0,84.69677128427129,0.0
21.7,85.6772619047619,0.0
21.6,82.8849988899989,0.0
20.1,83.3,0.0
18.7,85.7,0.0
22.1,84.23055708180709,0.0
21.6,82.8849988899989,0.0
21.7,85.6772619047619,0.0
20.9,94.0,25.689999999999998
20.7,94.7,6.6466666666666665
19.3,80.8,0.0
20.1,83.3,0.0
21.4,96.0,5.937333333333332
22.1,84.23055708180709,0.0
21.6,70.91,2.67
19.7,86.94095238095238,0.0
21.5,90.6,36.55633333333334
21.4,85.69734126984127,0.0
20.7,94.7,6.6466666666666665
22.4,82.24,0.32
22.0,84.69677128427129,0.0
21.1,83.3,0.0
21.9,86.10176431411725,0.0
22.365333333333332,82.4,0.5
21.1,93.1,65.5
22.5,84.6,11.0
21.2,92.4,4.0
21.3,91.9,11.5
21.8,85.67083333333333,0.0
21.8,85.67083333333333,0.0
21.9,86.10176431411725,0.0
21.3,87.60912698412699,0.0
21.4,85.69734126984127,0.0
22.0,92.0,55.342166666666664
19.9,83.04523809523809,0.0
22.0,84.69677128427129,0.0
22.1,84.23055708180709,0.0
22.2,82.76635225885227,0.0
21.4,85.69734126984127,0.0
21.7,85.6772619047619,0.0
22.7,87.5232683982684,0.0
22.7,82.0,0.0
22.3,81.6921645021645,0.0
22.8,87.9,11.616777777777777
22.2,83.0,0.5
21.8,85.67083333333333,0.0
21.4,85.69734126984127,0.0
22.3,92.2,24.207333333333334
22.2,86.1,27.089999999999996
21.4,85.0,0.0
22.9,91.4,33.0
22.4,80.9,0.5
20.6,81.0,0.0
22.4,78.0,0.0
21.9,81.0,0.0
21.5,90.6,36.55633333333334
22.6,89.0,20.711666666666666
21.3,94.7,22.16
22.4,82.24,0.32
22.1,84.23055708180709,0.0
21.1,83.3,0.0
22.6,87.19954545454546,0.0
22.9,83.02,0.0
24.9,73.59615079365079,0.0
23.2,72.75031746031746,0.0
22.1,84.23055708180709,0.0
23.8,78.56376984126983,0.0
21.5,90.6,36.55633333333334
22.6,89.0,20.711666666666666
23.1,76.0,0.0
22.3,89.625,2.0
21.1,93.2,4.0
22.0,93.8,11.4
22.1,90.0,7.5
21.7,93.6,64.5
22.1,89.7,7.5
22.1,91.7,13.639333333333331
22.1,91.9,26.0
23.0,88.9,15.8
23.8,78.56376984126983,0.0
23.6,84.2,6.0
21.0,95.3,46.290000000000006
21.8,94.6,28.5
21.6,91.4,12.8
22.1,89.3,20.9
22.0,94.0,35.0
22.1,91.7,13.639333333333331
20.8,95.775,2.0
21.7,92.0,4.9
22.999999999999996,85.85,2.0
21.7,94.9,30.6
21.6,70.91,2.67
21.8,85.67083333333333,0.0
21.7,94.0,1.6
22.2,92.0,8.50675
21.2,93.0,1.5
21.0,94.8,24.9
20.9,90.0,0.0
22.1,84.23055708180709,0.0
21.9,86.10176431411725,0.0
21.5,90.6,36.55633333333334
21.4,96.0,5.937333333333332
22.5,90.93333333333334,5.0
23.2,82.8,9.040000000000001
23.0,86.63734126984127,0.0
23.1,88.1,6.833333333333334
22.2,86.1,27.089999999999996
21.7,85.6772619047619,0.0
22.6,90.1,2.7
21.5,92.6,60.8
21.4,96.0,5.937333333333332
21.3,94.7,22.16
22.3,94.1,63.3
22.3,90.5,0.5
21.8,85.67083333333333,0.0
22.3,89.8,19.5
20.7,94.7,6.6466666666666665
22.3,92.5,26.2
21.7,91.9,18.5
22.6,89.0,20.711666666666666
21.6,70.91,2.67
22.3,84.23722943722944,0.2
22.1,84.23055708180709,0.0
21.4,93.9,4.7
22.669999999999998,88.9,23.0
21.79,93.1,19.9
21.3,95.0,23.5
21.1,93.4,56.5
21.98,93.8,13.5
21.0,95.0,58.0
20.6,96.4,10.6
21.1,93.6,35.4
21.9,86.10176431411725,0.0
21.82,94.1,69.5
21.4,96.0,5.937333333333332
22.1,91.9,13.0
22.9,90.16666666666666,1.7
22.1,86.0,0.0
22.0,88.0,0.0
21.4,94.7,5.0
22.6,87.8,24.5
22.2,86.1,27.089999999999996
22.9,83.02,0.0
21.9,90.0,14.408035714285713
21.7,91.7,51.8
20.7,97.3,1.5
21.4,96.0,5.937333333333332
21.4,96.0,5.937333333333332
21.2,90.0,7.5
21.6,94.9,31.0
22.3,88.9,1.5
21.7,94.0,25.8
21.7,94.1,17.5
20.4,94.0,24.0
20.8,88.8,2.5
20.8,95.2,12.6
20.9,94.0,25.689999999999998
21.5,91.0,22.86142857142857
21.6,90.0,10.0
21.1,94.0,2.0
21.3,94.0,7.8
22.4,86.0,25.2
22.7,88.0,14.5
22.550833333333333,93.1,1.0
24.0,79.0,0.0
22.1,84.23055708180709,0.0
22.3,87.0,1.8
23.919999999999998,84.1,6.0
22.1,84.23055708180709,0.0
22.8,88.0,4.259285714285714
22.550833333333333,93.1,1.0
23.5,82.0,0.26
21.9,90.0,0.0
22.669999999999998,88.9,23.0
22.9,88.0,4.5
22.1,84.23055708180709,0.0
22.3,92.0,32.60409126984128
21.0,95.0,4.6
22.160000000000004,90.9,39.4
22.4,90.0,3.0
22.1,84.23055708180709,0.0
22.0,93.0,29.3
22.4,93.0,14.5
20.2,98.0,14.5
22.9,94.0,2.5
21.400000000000002,92.3,12.0
22.0,94.0,13.4
21.740000000000002,94.2,34.2
21.4,94.0,50.5
21.3,95.0,40.0
22.1,84.23055708180709,0.0
23.3,93.0,43.355
21.7,94.0,9.0
21.78,93.2,50.1
23.3,87.0,31.0
22.1,84.23055708180709,0.0
21.8,90.0,9.274880952380954
23.1,86.0,0.1
20.4,96.0,25.03213636363636
22.8,89.0,61.5
23.820000000000004,85.9,3.7
23.3,86.0,33.0
22.4,90.0,12.0
22.5,91.0,16.3
22.1,92.0,14.7
21.4,93.0,20.3
22.089999999999996,93.6,36.0
21.5,94.0,3.9
21.9,93.0,48.0
22.6,90.0,18.2
22.3,92.0,91.5
19.4,96.0,60.0
22.1,92.0,19.9
21.94,93.8,64.0
23.5,86.0,49.0
21.699999999999996,93.9,1.6
25.039999999999996,83.8,1.8
21.34,94.3,22.5
21.4,89.0,11.2
23.1,88.0,13.5
22.940000000000005,88.5,15.7
20.9,96.0,9.0
22.9,88.0,30.5
22.1,84.23055708180709,0.0
22.1,84.23055708180709,0.0
22.8,88.0,1.0
22.4,90.0,0.0
21.7,92.0,0.0
21.6,94.0,25.0
23.2,88.0,4.983333333333333
22.1,84.23055708180709,0.0
22.9,88.0,18.0
22.0,90.0,1.4
22.57,92.1,19.4
22.9,83.0,19.4
22.1,84.23055708180709,0.0
23.8,86.0,4.65
23.1,88.0,1.0
22.1,84.23055708180709,0.0
22.7,94.0,0.0
22.1,84.23055708180709,0.0
23.5,86.0,29.48
22.6,92.0,10.0
21.0,96.0,46.0
20.7,96.0,7.0
21.2,90.0,12.5
22.2,89.0,1.6
23.2,86.0,27.5
21.3,94.0,7.5
22.2,94.0,38.63880952380953
22.1,84.23055708180709,0.0
21.339999999999996,91.0,74.2
21.6,94.0,35.0
22.1,84.23055708180709,0.0
21.7,93.0,60.5
21.339999999999996,91.0,73.5
22.1,84.23055708180709,0.0
21.62,92.9,11.0
21.910000000000004,89.8,6.5
23.2,86.0,30.0
21.819999999999997,91.6,52.0
22.365333333333332,82.4,0.5
22.069999999999997,92.9,12.4
21.279999999999998,91.3,56.9
23.6,86.0,10.2
21.64,94.0,6.6
23.500000000000004,83.6,0.3
22.1,84.23055708180709,0.0
22.089999999999996,93.6,36.0
24.2,86.0,10.32
22.1,84.23055708180709,0.0
21.810000000000002,93.0,87.6
22.3,93.0,5.5
21.82,94.1,71.0
24.2,89.0,2.0
22.459999999999997,90.3,94.0
22.1,84.23055708180709,0.0
24.9,81.0,1.0
22.5,92.0,0.0
22.4,92.0,38.0
22.1,84.23055708180709,0.0
24.3,85.0,11.4
22.9,92.0,0.8
22.4,93.0,12.371333333333334
22.2,95.0,63.5
22.550833333333333,93.1,1.0
22.5,94.0,5.085
21.77,91.4,14.5
22.1,87.0,21.0
22.1,84.23055708180709,0.0
23.3,87.0,21.009999999999998
22.8,91.0,2.0
21.63,94.4,4.5
22.1,84.23055708180709,0.0
22.6,86.0,0.96
22.1,84.23055708180709,0.0
22.5,85.0,0.72
23.1,80.0,0.0
18.0,94.0,0.0
23.06415873015873,77.0,0.0
24.2,76.0,0.05
19.8,95.0,0.0
22.1,84.23055708180709,0.0
22.8,79.0,0.0
23.9,77.0,0.96
22.1,84.23055708180709,0.0
24.1,69.0,0.0
22.1,84.23055708180709,0.0
22.1,84.23055708180709,0.0
22.9,81.0,1.0
22.1,84.23055708180709,0.0
23.7,75.0,0.0
21.5,87.0,0.0
24.7,78.0,0.0
24.5,82.0,4.050000000000001
21.1,88.0,0.0
22.6,86.0,0.96
23.0,84.0,7.0
24.5,81.0,0.6599999999999999
23.8,82.0,2.28
20.3,85.0,0.0
23.9,71.0,0.0
24.2,79.0,0.0
23.6,87.0,1.0699999999999998
23.6,84.0,6.4
21.3,87.0,1.2
22.5,78.0,0.24
22.0,83.0,0.0
21.3,87.0,1.2
21.6,82.0,0.0
18.4,96.0,25.05
22.4,92.0,17.205833333333334
23.2,83.0,2.0
21.9,87.0,2.4
22.5,77.0,0.54
18.6,91.0,7.2559999999999985
22.6,85.0,0.8099999999999999
22.2,86.0,1.0
22.7,85.0,1.4500000000000002
21.1,92.0,6.9208333333333325
22.7,78.8,0.9
21.5,90.6,36.55633333333334
22.2,90.0,2.0
22.4,86.0,0.0
21.9,92.0,11.5
21.4,96.0,5.937333333333332
22.3,92.2,24.207333333333334
21.5,88.0,0.2
22.7,90.0,0.0
21.5,90.0,14.857726190476189
23.500000000000004,83.6,0.3
21.6,70.91,2.67
21.5,89.0,0.0
19.5,81.02000000000001,0.0
21.9,92.6,12.78125
22.0,86.0,1.1625
21.2,84.0,0.0
20.5,83.0,0.0
20.1,83.0,0.0
21.6,70.0,2.67
21.0,95.3,46.290000000000006
22.1,84.23055708180709,0.0
20.3,85.0,0.0
20.0,84.0,0.0
20.8,85.0,0.0
21.2,82.14523809523811,0.0
21.8,85.67083333333333,0.0
21.3,82.0,0.0
23.2,64.0,0.0
20.9,78.0,0.0
20.6,83.91499999999999,0.0
21.6,76.0,0.0
21.6,78.0,0.0
23.1,73.0,0.0
21.2,82.14523809523811,0.0
21.8,85.67083333333333,0.0
22.6,80.0,0.0
22.3,78.0,0.0
23.8,78.56376984126983,0.0
21.6,82.8849988899989,0.0
19.5,81.02000000000001,0.0
20.8,95.0,12.45
21.1,79.0,0.0
20.0,83.7,0.0
22.1,84.23055708180709,0.0
20.7,94.7,6.6466666666666665
21.1,93.8,39.69833333333334
21.5,77.0,0.0
20.3,86.50666666666666,0.0
18.8,85.7,0.0
21.6,70.91,2.67
21.6,70.91,2.67
22.1,84.23055708180709,0.0
22.9,78.0,0.5800000000000001
21.9,78.0,0.0
21.0,95.3,46.290000000000006
22.5,79.94,0.24
23.8,74.0,0.0
23.5,87.2,9.72
21.2,90.9,3.2399999999999998
21.8,85.67083333333333,0.0
22.4,82.24,0.32
21.5,82.0,0.0
22.0,82.0,0.0
21.0,80.0,0.0
21.2,90.9,3.2399999999999998
22.1,84.23055708180709,0.0
20.7,70.0,2.67
22.1,67.0,0.4
23.5,64.0,0.0
22.2,86.1,27.089999999999996
22.3,92.2,24.207333333333334
22.7,87.5232683982684,0.0
22.8,73.0,0.96
22.1,79.0,0.0
23.2,82.8,9.040000000000001
21.7,85.6772619047619,0.0
21.8,85.0,3.0
22.5,65.0,0.9
21.8,70.0,0.0
22.3,92.2,24.207333333333334
22.5,83.31777777777778,0.2
23.0,71.0,0.18
22.7,84.0,0.0
22.3,74.0,3.07
20.9,94.0,25.689999999999998
23.6,88.2,17.77
25.4,60.0,0.0
23.2,68.0,0.0
23.4,64.0,0.0
23.0,86.63734126984127,0.0
23.9,74.24222222222221,0.0
23.3,79.86178571428572,0.0
21.6,76.0,2.67
22.3,68.0,0.4
22.7,89.0,13.531666666666666
23.6,88.2,17.77
24.3,65.0,0.0
22.7,81.0,0.0
24.6,60.0,0.1
22.6,89.0,20.711666666666666
24.8,72.72420634920636,0.0
24.3,70.0,0.0
23.4,78.0,0.0
22.8,74.0,0.96
23.8,78.56376984126983,0.0
24.3,75.77515151515152,0.0
24.3,69.0,0.0
25.4,61.0,0.0
24.9,70.0,8.7
25.3,72.75,0.0
24.9,73.59615079365079,0.0
23.3,68.0,0.0
24.7,59.0,0.0
24.4,57.0,1.45
23.9,74.24222222222221,0.0
29.7,75.0,0.0
24.3,70.0,0.0
24.7,63.0,0.0
24.6,65.0,0.1
24.6,84.9,2.0800000000000005
26.9,67.3,0.0
25.0,69.0,0.0
25.7,65.0,0.0
24.7,78.0,0.0
23.0,78.0,0.45
25.0,67.0,0.0
25.2,75.0,0.0
24.0,79.0,0.0
24.4,70.0,14.5
22.1,84.23055708180709,0.0
26.3,62.0,0.0
25.6,63.0,0.0
24.9,72.0,0.0
23.9,82.0,9.6
22.0,92.0,55.342166666666664
25.0,68.0,0.0
25.1,67.0,0.0
25.1,73.0,0.0
24.6,80.0,0.0
22.4,84.0,0.9599999999999997
24.5,82.0,5.5
24.5,73.0,0.5
22.1,84.23055708180709,0.0
26.5,69.0,0.0
23.4,84.0,0.7300000000000002
27.2,67.0,0.0
26.0,77.0,0.0
24.2,81.0,5.1
22.6,83.0,8.0
22.1,84.23055708180709,0.0
22.6,87.0,2.1
22.3,92.0,56.0
24.3,82.0,10.2
24.3,83.0,6.859999999999999
22.2,92.0,0.7
23.7,86.0,11.4
24.3,83.0,0.0
24.7,82.0,1.7100000000000002
24.5,84.0,1.0
22.0,92.0,55.342166666666664
24.5,82.0,4.050000000000001
22.2,92.0,3.0
23.0,92.0,37.1
21.8,94.0,0.5
22.1,84.23055708180709,0.0
24.0,85.0,3.44
23.9,84.0,8.0
23.5,87.0,10.2
22.7,87.0,5.0
20.8,95.0,7.6
24.4,82.0,7.6800000000000015
23.5,81.0,0.0
23.6,78.0,0.0
23.3,78.0,0.0
20.8,83.0,0.0
23.8,88.0,32.980000000000004
24.5,80.0,0.0
24.7,82.0,1.7100000000000002
22.8,89.0,0.1
20.2,96.0,1.5
24.6,83.0,1.8
24.5,86.0,1.0
25.4,83.0,1.3300000000000003
25.0,87.0,2.91
22.6,94.0,1.0
25.2,84.0,1.8
24.5,88.0,9.5
23.0,93.0,31.4
24.6,84.0,2.5
22.96,82.44,0.9
22.4,94.0,41.2
23.3,89.0,53.0
23.4,89.0,38.22
22.9,90.0,0.6
21.0,98.0,2.0
23.6,90.0,51.8
24.0,83.0,0.0
24.7,81.0,0.11000000000000001
24.3,84.0,14.793333333333333
20.550000000000004,97.0,52.06
22.3,94.0,27.8
21.3,94.0,27.0
23.1,93.0,23.6
22.0,94.0,2.3
20.4,96.0,2.1
24.2,84.0,0.2
22.5,89.0,2.798
23.2,85.0,12.0
23.8,85.0,0.3
20.4,95.0,6.45
23.6,88.0,17.2
23.2,89.0,15.0
22.3,91.0,5.749833333333333
22.2,94.0,11.7
22.09,93.5,38.6
22.6,92.0,10.2
22.4,91.0,0.0
22.6,93.0,0.0
21.8,95.0,21.0
21.330000000000002,94.6,23.7
22.8,91.0,38.4
22.1,94.0,12.3
23.1,92.0,16.5
22.7,90.0,6.9380952380952365
22.1,84.23055708180709,0.0
21.7,97.0,41.2
22.4,92.0,0.0
22.1,94.0,24.0
23.3,93.0,59.2
21.6,98.0,2.7
23.5,92.0,1.1
20.2,98.0,29.4
22.8,94.0,2.6
22.2,94.0,5.5
20.6,96.0,38.2
24.1,88.0,14.835000000000003
25.1,84.0,0.0
23.2,92.0,24.5
23.8,89.0,9.5
20.8,95.0,14.379999999999999
22.5,92.0,8.925
22.680000000000003,88.0,64.0
22.09,92.0,39.0
21.37,91.0,3.8
22.1,84.23055708180709,0.0
24.5,88.0,1.6
23.8,90.0,0.0
22.38,92.0,8.5
20.499999999999996,97.0,69.2
21.6,98.0,21.7
23.9,92.0,34.9
21.960000000000004,89.0,5.5
24.5,88.0,6.416666666666666
22.2,92.0,13.0
22.0,93.0,140.7
23.3,90.0,1.4
22.72,76.0,8.7
21.8,90.0,3.0
21.7,94.0,64.6
24.5,84.0,38.6
23.9,88.0,3.1
24.5,85.0,2.3
24.2,84.0,6.42
23.5,86.0,29.48
23.7,87.0,0.0
22.5,93.0,2.4
22.3,92.0,32.3
23.6,90.0,16.0
24.2,87.0,5.5
20.4,96.0,5.5
23.6,83.0,1.6800000000000002
23.2,88.0,4.983333333333333
23.1,91.0,38.583571428571425
23.4,90.0,1.5
23.5,90.0,7.3
25.6,84.0,1.1800000000000002
23.5,92.0,0.0
24.2,91.0,71.0
25.4,83.0,1.3300000000000003
22.0,92.0,55.342166666666664
24.0,90.0,35.0
23.7,88.0,91.6
22.9,95.0,1.5
24.1,90.0,29.4
21.5,99.0,29.0
23.0,93.0,4.7
22.3,94.0,4.6
24.8,86.0,8.55
24.5,83.0,2.5
23.2,88.0,4.983333333333333
24.1,88.0,19.6
24.4,84.0,15.126666666666665
23.0,94.0,4.0
24.0,86.0,20.0
22.5,89.0,0.4
25.7,79.0,0.1
22.8,91.0,0.0
23.4,90.0,42.0
23.9,90.0,2.0
21.0,98.0,29.7
22.3,96.0,36.339999999999996
24.2,88.0,11.2
23.6,88.0,14.209999999999999
24.7,84.0,5.64
21.4,96.0,1.5
25.0,79.0,0.2
24.9,82.0,0.0
24.3,87.0,4.24
24.9,77.0,0.0
22.2,82.0,0.0
25.4,74.0,0.0
23.0,82.0,0.0
23.8,78.0,0.0
24.0,83.0,0.0
22.1,84.23055708180709,0.0
24.4,82.0,7.4
24.6,82.0,3.0100000000000007
24.2,78.0,0.05
23.1,79.0,0.0
20.4,93.0,25.25
24.4,72.0,1.5
24.1,79.0,0.0
24.5,76.0,0.15
24.2,83.0,1.8
20.2,96.0,5.4
23.7,79.0,0.0
23.9,82.0,7.07
23.3,79.0,0.0
23.7,81.0,0.44666666666666666
24.6,80.0,0.18
24.7,81.0,0.0
23.8,82.0,2.28
23.8,78.0,0.0
24.3,77.0,0.0
22.6,85.0,0.8099999999999999
24.4,78.0,0.74
24.9,78.0,0.0
26.1,76.0,0.0
21.69,90.2,2.5
22.15,85.5,27.0
24.2,81.0,0.2
22.1,84.23055708180709,0.0
22.550833333333333,93.1,1.0
23.8,81.0,0.44666666666666666
23.8,84.0,4.700000000000001
20.2,96.0,2.9300000000000006
21.779999999999998,93.3,1.5
24.4,80.0,0.74
21.58,93.6,18.5
23.7,85.0,13.0
22.5,94.0,5.9
22.580000000000002,89.9,26.5
22.5,87.0,9.643333333333333
23.4,83.0,0.9
20.0,91.0,7.2559999999999985
22.6,79.0,2.9650000000000003
22.4,75.0,0.0
22.4,77.0,0.54
22.9,72.0,1.3599999999999999
21.2,88.0,0.0
23.2,85.0,6.959999999999999
22.3,92.0,1.0
24.390000000000004,84.0,15.126666666666665
21.0,91.0,1.7
22.5,90.0,7.0
23.4,83.0,0.9
23.4,87.0,0.0
23.7,74.0,0.0
23.0,85.0,2.2800000000000002
19.8,98.0,12.0
22.0,91.0,15.0
21.8,83.0,0.0
22.9,82.0,0.0
22.6,81.0,11.0
22.1,84.23055708180709,0.0
21.2,82.14523809523811,0.0
23.1,81.79683732933732,0.0
20.7,88.2147619047619,0.0
20.2,86.60666666666665,0.0
19.3,80.8,0.0
19.9,83.04523809523809,0.0
21.7,85.6772619047619,0.0
20.1,83.3,0.0
20.5,82.0,0.0
21.7,79.0,0.0
21.4,85.69734126984127,0.0
20.3,86.50666666666666,0.0
20.2,86.60666666666665,0.0
20.5,85.0,0.0
20.8,84.0,0.0
21.2,82.14523809523811,0.0
21.7,85.6772619047619,0.0
19.8,86.94095238095238,0.0
21.6,80.0,0.0
21.6,83.0,0.0
21.4,85.69734126984127,0.0
21.6,82.8849988899989,0.0
22.6,87.19954545454546,0.0
21.8,92.0,48.5
21.9,93.0,162.0
20.5,89.6,2.5
20.6,83.91499999999999,0.0
19.6,86.94095238095238,0.0
20.6,89.0,0.0
21.6,82.8849988899989,0.0
21.8,85.67083333333333,0.0
22.1,84.23055708180709,0.0
22.1,84.23055708180709,0.0
21.0,75.0,0.0
19.4,80.8,0.0
20.7,88.2147619047619,0.0
21.2,82.14523809523811,0.0
20.7,88.2147619047619,0.0
21.1,82.0,0.0
21.8,85.67083333333333,0.0
21.2,82.14523809523811,0.0
22.0,84.69677128427129,0.0
21.4,85.69734126984127,0.0
21.2,78.0,0.0
22.0,84.69677128427129,0.0
21.8,85.67083333333333,0.0
22.2,82.76635225885227,0.0
23.2,72.75031746031746,0.0
22.5,78.0,0.0
22.2,82.76635225885227,0.0
22.0,84.69677128427129,0.0
21.3,87.60912698412699,0.0
20.9,83.3875,0.0
22.1,76.0,0.0
21.8,85.67083333333333,0.0
21.2,82.14523809523811,0.0
23.7,78.70811965811966,0.0
24.2,73.0,0.0
23.6,80.62595238095238,0.0
23.2,72.75031746031746,0.0
23.5,78.03833333333333,0.0
23.8,78.56376984126983,0.0
23.8,78.56376984126983,0.0
23.5,83.925,0.1
23.0,86.63734126984127,0.0
22.7,88.53506493506492,0.3
22.2,82.76635225885227,0.0
22.1,84.23055708180709,0.0
21.4,76.0,0.0
21.3,87.60912698412699,0.0
20.5,83.22333333333333,0.0
21.8,85.67083333333333,0.0
22.7,87.5232683982684,0.0
22.2,76.0,0.0
21.8,85.67083333333333,0.0
21.8,85.67083333333333,0.0
21.3,87.60912698412699,0.0
22.1,94.9,47.0
21.6,91.0,0.0
22.3,90.8,16.0
23.4,82.96666666666667,0.4
24.0,80.8,0.0
23.5,78.03833333333333,0.0
24.9,69.0,0.0
24.3,75.77515151515152,0.0
23.5,78.03833333333333,0.0
23.5,78.03833333333333,0.0
23.6,80.62595238095238,0.0
23.6,77.0,0.0
22.1,84.23055708180709,0.0
23.6,80.62595238095238,0.0
22.4,82.24,0.32
24.2,80.32000000000001,0.5
24.9,58.0,0.0
24.0,80.8,0.0
24.9,73.59615079365079,0.0
24.2,80.11000000000001,0.0
23.1,81.79683732933732,0.0
22.8,78.0,0.0
22.3,81.6921645021645,0.0
23.0,86.63734126984127,0.0
23.8,78.56376984126983,0.0
23.4,76.52821428571428,0.0
23.3,84.0,0.0
22.6,87.19954545454546,0.0
22.7,90.5,6.8
22.7,87.5232683982684,0.0
23.1,81.79683732933732,0.0
23.0,81.0,1.1
23.3,87.2,27.0
24.5,75.08181818181818,0.0
23.9,74.24222222222221,0.0
23.5,78.03833333333333,0.0
24.5,69.0,0.0
24.1,75.2,0.0
23.0,86.63734126984127,0.0
22.3,89.9,17.5
23.0,78.3,1.2
22.5,86.0,1.6
23.4,76.52821428571428,0.0
23.8,80.295,0.1
22.9,83.02,0.0
24.8,72.72420634920636,0.0
24.5,81.0,0.1
23.9,74.24222222222221,0.0
23.3,79.86178571428572,0.0
24.3,75.77515151515152,0.0
24.1,75.2,0.0
25.0,75.0,0.0
24.0,80.8,0.0
23.7,78.70811965811966,0.0
23.3,88.7,23.6
24.1,89.2,2.0
24.3,89.0,0.1
23.8,78.56376984126983,0.0
23.8,78.56376984126983,0.0
23.2,72.75031746031746,0.0
23.6,90.0,40.5
23.6,90.0,10.8
23.0,91.9,4.2
23.1,92.0,40.4
23.3,87.3,29.5
22.9,89.0,13.338
23.2,90.0,4.5
22.1,91.4,16.8
21.7,93.0,23.0
21.6,90.7,10.5
23.2,90.3,92.1
23.4,86.0,0.1
22.8,82.18047619047618,0.0
20.7,93.9,119.0
22.0,91.7,80.0
23.2,82.8,9.040000000000001
22.1,90.3,3.6
22.9,89.06666666666668,12.0
21.6,95.6,28.8
21.9,92.0,99.5
21.4,94.3,23.5
22.5,83.20833333333334,3.5
22.0,91.8,4.5
21.3,96.0,18.4
23.2,85.5,3.2
22.5,90.8,8.5
22.0,94.0,12.5
22.7,88.9,15.8
22.6,90.9,13.0
21.9,92.1,81.0
20.9,95.7,8.5
21.0,94.3,55.0
22.0,93.1,41.8
22.1,91.9,13.5
23.1,77.2,0.3
22.6,87.19954545454546,0.0
21.8,90.5,8.4
22.2,92.0,0.1
22.0,91.9,84.4
21.7,94.0,36.1
20.6,96.0,33.5
22.4,90.0,34.8
20.8,96.0,0.0
20.8,95.9,45.0
21.2,90.9,3.2399999999999998
21.3,91.9,12.0
22.4,92.8,13.1
22.7,93.0,0.0
21.9,86.10176431411725,0.0
22.2,91.1,7.5
21.1,94.0,35.0
21.3,94.5,42.6
22.4,92.0,17.4
21.7,91.9,18.4
22.3,93.8,47.7
22.3,81.6921645021645,0.0
22.8,89.7,12.1
21.9,94.9,41.0
22.2,90.2,16.9
22.0,93.2,20.0
21.1,94.9,20.5
21.1,95.1,25.1
21.1,95.0,31.6
22.3,92.7,5.4
22.0,91.7,98.5
20.7,93.1,26.5
20.8,94.9,76.5
21.7,91.3,10.3
20.6,96.5,14.6
21.5,95.6,28.0
22.6,87.19954545454546,0.0
22.9,83.02,0.0
23.3,88.0,0.0
23.1,81.79683732933732,0.0
22.5,89.9,30.5
23.2,89.78333333333333,12.0
22.8,88.0,4.6
22.5,90.7,10.3
22.6,86.90333333333334,0.2
21.9,91.2,0.5
22.3,91.8,3.5
21.8,85.67083333333333,0.0
22.2,93.0,0.0
21.6,91.6,1.1
24.2,84.51904761904761,1.0
21.8,92.2,13.5
21.5,84.17061688311688,0.0
21.8,91.6,6.6
21.7,92.4,3.4
21.8,91.2,10.0
21.5,92.3,9.0
21.3,95.4,17.1
20.6,97.0,19.2
20.4,95.7,43.6
20.7,93.9,93.0
20.7,94.2,27.8
21.8,93.4,15.8
21.0,94.0,29.6
22.2,91.8,52.0
22.6,93.1,1.0
22.6,91.2,18.5
22.7,90.03784271284272,0.2
23.5,88.0,9.0
22.4,87.2084027084027,0.0
22.1,95.2,50.1
22.4,87.2084027084027,0.0
21.9,92.75,2.9
21.0,96.0,1.2
22.4,90.1,47.4
22.4,89.8,10.0
21.5,93.4,39.7
21.6,93.0,1.0
21.5,92.0,52.4
21.3,93.1,35.0
21.0,93.2,7.5
22.6,90.7,18.0
21.5,95.6,31.9
22.2,91.05,3.0
22.0,92.925,2.0
22.3,88.9,1.6
21.7,93.7,8.0
22.4,82.1,0.9
22.5,93.1,19.0
23.4,90.1,1.5
23.6,85.8,0.3
21.8,85.67083333333333,0.0
22.0,93.8,11.5
22.0,89.2,1.0
21.3,94.5,9.6
20.9,92.9,0.5
22.1,92.9,58.7
21.9,92.2,90.0
21.8,94.2,21.4
20.9,83.3875,0.0
20.5,94.9,1.8
21.8,92.0,4.0
22.1,84.23055708180709,0.0
22.9,84.0,3.0
22.1,84.23055708180709,0.0
21.6,82.8849988899989,0.0
23.1,90.2,54.0
23.0,86.63734126984127,0.0
22.2,82.76635225885227,0.0
22.6,90.9,12.8
21.7,85.6772619047619,0.0
20.8,96.2,52.0
22.0,92.8,58.3
22.2,82.76635225885227,0.0
22.6,87.19954545454546,0.0
21.2,92.4,2.0
21.8,92.0,4.0
22.7,88.6,1.2
21.1,90.4,3.4
21.7,85.6772619047619,0.0
21.0,89.65,1.0
22.2,92.1,12.0
22.4,87.2084027084027,0.0
22.4,87.8,8.0
21.1,83.3,0.0
22.1,84.23055708180709,0.0
22.2,90.53333333333333,16.0
22.4,87.2084027084027,0.0
22.5,85.99333333333333,0.0
23.5,78.03833333333333,0.0
22.2,82.76635225885227,0.0
23.1,88.4,10.0
22.5,90.3,1.0
20.7,96.0,11.0
21.4,93.0,7.2
21.7,91.6,10.0
21.8,93.5,22.5
21.2,94.1,45.3
21.2,92.1,54.0
21.0,94.3,67.6
22.0,91.9,40.5
22.0,91.7,109.0
22.4,87.2084027084027,0.0
21.0,93.0,7.0
21.9,90.3,24.1
22.2,82.76635225885227,0.0
22.3,92.2,24.207333333333334
20.6,95.8,5.5
21.6,93.6,16.3
22.3,92.5,26.0
20.6,96.8,8.0
22.0,94.0,11.0
21.3,87.60912698412699,0.0
23.0,90.2,26.5
22.2,82.76635225885227,0.0
22.6,87.19954545454546,0.0
22.8,93.5,2.5
22.5,83.31777777777778,0.2
22.3,81.6921645021645,0.0
21.5,84.17061688311688,0.0
22.5,85.99333333333333,0.0
22.3,92.2,24.207333333333334
21.5,84.17061688311688,0.0
22.1,90.0,1.5
21.5,94.7,27.3
22.0,84.69677128427129,0.0
22.8,90.1,28.5
22.1,84.23055708180709,0.0
22.5,85.99333333333333,0.0
22.8,82.18047619047618,0.0
21.7,85.6772619047619,0.0
22.4,88.2,23.5
21.6,93.4,82.5
20.2,97.9,18.3
20.3,86.50666666666666,0.0
20.1,83.3,0.0
20.8,85.85428571428571,0.0
21.3,93.3,38.5
20.9,95.375,2.0
20.8,85.85428571428571,0.0
21.3,87.60912698412699,0.0
22.4,87.2084027084027,0.0
22.3,89.3,9.5
22.2,82.76635225885227,0.0
21.1,83.3,0.0
21.5,90.6,36.55633333333334
20.8,85.85428571428571,0.0
21.5,84.17061688311688,0.0
21.2,82.14523809523811,0.0
21.6,91.6,12.3
21.2,92.8,4.5
21.0,84.98194444444445,0.0
23.1,85.95,2.0
21.0,95.3,46.0
20.3,86.50666666666666,0.0
19.3,80.8,0.0
20.4,86.20833333333333,0.0
21.6,82.8849988899989,0.0
22.1,84.23055708180709,0.0
20.9,83.3875,0.0
20.7,95.8,4.5
22.1,84.23055708180709,0.0
19.6,86.94095238095238,0.0
19.9,83.04523809523809,0.0
20.1,83.3,0.0
19.4,80.8,0.0
21.4,85.69734126984127,0.0
21.2,82.14523809523811,0.0
21.0,84.98194444444445,0.0
21.5,84.17061688311688,0.0
21.8,91.3,5.5
22.7,87.5232683982684,0.0
21.9,86.10176431411725,0.0
20.8,94.4,5.5
20.7,93.3,22.5
20.8,92.9,0.5
21.1,83.3,0.0
22.0,84.69677128427129,0.0
22.8,82.18047619047618,0.0
22.1,84.23055708180709,0.0
21.8,85.67083333333333,0.0
21.1,94.2,2.9
21.0,95.6,44.0
21.1,83.3,0.0
20.7,88.2147619047619,0.0
22.6,87.19954545454546,0.0
21.7,85.6772619047619,0.0
22.0,84.69677128427129,0.0
21.8,85.67083333333333,0.0
21.9,93.6,35.0
18.8,85.7,0.0
20.8,93.4,0.7
20.4,92.86666666666667,1.0
21.5,84.17061688311688,0.0
21.5,84.17061688311688,0.0
21.6,92.2,20.0
20.5,95.8,12.6
21.4,94.2,23.2
20.3,86.50666666666666,0.0
20.2,86.60666666666665,0.0
20.5,83.22333333333333,0.0
21.0,84.98194444444445,0.0
20.8,85.85428571428571,0.0
21.0,84.98194444444445,0.0
21.6,82.8849988899989,0.0
20.8,85.85428571428571,0.0
22.1,91.7,13.639333333333331
23.3,79.86178571428572,0.0
21.0,84.98194444444445,0.0
22.1,84.23055708180709,0.0
22.0,84.69677128427129,0.0
22.0,84.69677128427129,0.0
22.3,81.6921645021645,0.0
21.6,82.8849988899989,0.0
21.4,85.69734126984127,0.0
22.0,84.69677128427129,0.0
22.8,82.18047619047618,0.0
23.0,80.6,1.0
22.8,89.7,6.0
22.6,87.19954545454546,0.0
22.2,82.76635225885227,0.0
21.3,87.60912698412699,0.0
22.3,81.6921645021645,0.0
20.8,85.85428571428571,0.0
21.9,90.9,54.4
22.7,87.5232683982684,0.0
23.2,85.2,1.6
22.4,88.1,1.4
22.1,84.23055708180709,0.0
22.4,87.2084027084027,0.0
22.9,83.02,0.0
21.9,86.10176431411725,0.0
23.0,86.63734126984127,0.0
22.4,87.2084027084027,0.0
23.0,80.6,1.0
23.6,80.62595238095238,0.0
23.3,79.86178571428572,0.0
22.1,91.2,10.5
21.9,90.9,26.0
22.9,83.02,0.0
23.4,76.52821428571428,0.0
23.6,80.62595238095238,0.0
22.0,84.69677128427129,0.0
22.6,87.19954545454546,0.0
21.7,85.6772619047619,0.0
22.7,87.5232683982684,0.0
20.6,83.91499999999999,0.0
22.1,91.2,12.0
22.5,85.99333333333333,0.0
23.4,76.52821428571428,0.0
24.8,72.72420634920636,0.0
23.3,79.86178571428572,0.0
23.1,81.79683732933732,0.0
23.2,72.75031746031746,0.0
23.4,89.21666666666667,12.7
24.4,74.97515151515152,0.0
24.3,75.77515151515152,0.0
23.6,80.62595238095238,0.0
21.8,90.2,2.5
21.5,93.4,22.5
22.2,95.0,36.5
23.2,89.2,15.5
21.8,87.32916666666668,0.2
22.5,90.3,1.0
22.6,87.8,24.0
23.2,87.2,1.2
21.7,93.8,1.5
22.2,91.22666666666667,13.5
22.6,87.8,23.0
23.2,72.75031746031746,0.0
23.5,90.3,1.5
22.4,90.9,2.0
21.1,95.0,16.0
21.3,94.6,24.0
22.2,93.5,42.7
22.6,88.3,22.5
22.9,84.0,3.1
22.1,89.4,1.0
22.0,89.0,0.7
21.4,94.3,16.8
20.9,94.1,7.5
21.1,93.9,55.8
21.4,94.1,10.0
21.8,93.15,1.9
21.4,92.9,4.5
21.5,92.7,4.5
21.2,93.4,39.8
21.2,91.7,58.4
21.9,93.2,60.5
22.6,87.69121212121213,0.1
21.2,92.51666666666667,9.3
22.1,94.7,51.2
21.3,95.1,44.5
21.7,93.7,33.1
21.5,98.2,29.0
21.8,92.4,12.5
22.7,81.8,0.5
22.2,82.76635225885227,0.0
22.0,89.1,1.5
23.1,81.79683732933732,0.0
21.8,93.1,19.5
21.5,92.9,13.6
21.3,91.0,72.6
20.7,96.7,17.5
21.4,94.0,7.5
21.6,88.54999999999998,3.0
21.0,92.0,11.5
21.8,94.2,21.8
21.6,93.4,34.5
22.3,93.8,48.0
22.3,89.3,9.5
21.9,93.1,17.5
22.0,84.69677128427129,0.0
20.5,95.4,20.0
21.8,89.6,39.6
22.8,82.18047619047618,0.0
21.3,94.7,22.16
21.3,94.0,8.5
20.5,95.5,1.7
21.4,92.7,37.0
20.9,95.6,34.9
22.2,92.0,22.0
21.3,87.8,0.2
21.8,92.9,42.0
22.0,91.5,7.8
23.2,86.0,1.0
22.7,89.47117604617604,0.1
22.1,84.23055708180709,0.0
21.9,91.3,5.0
22.2,92.3,6.1
